Date de début;Date de fin;Organisme;code zas;Zas;code site;nom site;type d'implantation;Polluant;type d'influence;Réglementaire;type d'évaluation;type de valeur;valeur;valeur brute;unité de mesure;taux de saisie;couverture temporelle;couverture de données;code qualité;validité;Latitude;Longitude
2020/01/01 00:00:00;2020/12/31 23:59:59;ATMO GRAND EST;FR44ZAG02;ZAG METZ;FR01011;Metz-Centre;Urbaine;NO2;Fond;Oui;mesures fixes;Moy. annuelle;15.0;15.391685912240169;µg-m3;99.0;100.0;99.0;R;1;49.119442;6.180833
2020/01/01 00:00:00;2020/12/31 23:59:59;ATMO GRAND EST;FR44ZAG02;ZAG METZ;FR01012;Metz-Borny;Urbaine;NO2;Fond;Oui;mesures fixes;Moy. annuelle;13.0;12.848354842460177;µg-m3;98.0;100.0;98.0;R;1;49.110283;6.223336
2020/01/01 00:00:00;2020/12/31 23:59:59;ATMO GRAND EST;FR44ZRE01;ZR GRAND-EST;FR01016;Atton;Rurale près des villes;NO2;Industrielle;Oui;mesures fixes;Moy. annuelle;13.0;13.159875235404906;µg-m3;97.0;100.0;97.0;R;1;48.886387;6.093611
2020/01/01 00:00:00;2020/12/31 23:59:59;ATMO GRAND EST;FR44ZAG02;ZAG METZ;FR01018;Scy-Chazelles;Périurbaine;NO2;Fond;Oui;mesures indicatives;Moy. annuelle;11.0;10.702684101858218;µg-m3;;;;R;1;49.107502;6.122775
2020/01/01 00:00:00;2020/12/31 23:59:59;ATMO GRAND EST;FR44ZAG02;ZAG METZ;FR01019;Thionville-Piscine;Urbaine;NO2;Fond;Oui;mesures fixes;Moy. annuelle;13.0;13.098633496846473;µg-m3;97.0;100.0;97.0;R;1;49.36861;6.160831
2020/01/01 00:00:00;2020/12/31 23:59:59;ATMO GRAND EST;FR44ZAG02;ZAG METZ;FR01020;Thionville-Centre;Urbaine;NO2;Fond;Oui;mesures fixes;Moy. annuelle;17.0;17.262658227848128;µg-m3;97.0;100.0;97.0;R;1;49.358337;6.156942
2020/01/01 00:00:00;2020/12/31 23:59:59;ATMO GRAND EST;FR44ZAG02;ZAG METZ;FR01021;Thionville-Garche;Périurbaine;NO2;Fond;Oui;mesures indicatives;Moy. annuelle;15.0;15.24478260869563;µg-m3;;;;N;-1;49.394444;6.201392
2020/01/01 00:00:00;2020/12/31 23:59:59;ATMO GRAND EST;FR44ZAG02;ZAG METZ;FR01022;St-Julien-lès-Metz;Urbaine;NO2;Industrielle;Oui;mesures fixes;Moy. annuelle;13.0;13.163238289205745;µg-m3;99.0;23.0;22.0;N;-1;49.131115;6.207225
2020/01/01 00:00:00;2020/12/31 23:59:59;ATMO GRAND EST;FR44ZAG02;ZAG METZ;FR01064;Metz- Pont Grilles;Urbaine;NO2;Trafic;Oui;mesures fixes;Moy. annuelle;22.0;21.804066736183593;µg-m3;98.0;100.0;98.0;R;1;49.12508;6.181219
2020/01/01 00:00:00;2020/12/31 23:59:59;ATMO GRAND EST;FR44ZRE01;ZR GRAND-EST;FR01065;Belleville sur Meuse;Urbaine;NO2;Trafic;Oui;mesures indicatives;Moy. annuelle;16.0;16.30242781378901;µg-m3;;;;R;1;49.16778;5.387461
2020/01/01 00:00:00;2020/12/31 23:59:59;ATMO SUD;FR93ZAG01;ZAG MARSEILLE-AIX;FR02005;Martigues l'Ile;Urbaine;NO2;Fond;Oui;mesures fixes;Moy. annuelle;23.0;22.558080110497272;µg-m3;91.0;18.0;16.0;N;-1;43.405297;5.051636
2020/01/01 00:00:00;2020/12/31 23:59:59;ATMO SUD;FR93ZAG01;ZAG MARSEILLE-AIX;FR02019;Vitrolles;Urbaine;NO2;Fond;Oui;mesures fixes;Moy. annuelle;21.0;21.380684104627765;µg-m3;85.0;13.0;11.0;N;-1;43.44603;5.254136
2020/01/01 00:00:00;2020/12/31 23:59:59;ATMO SUD;FR93ZRE01;ZR PROVENCE-ALPES-COTE D’AZUR;FR02022;Arles;Urbaine;NO2;Fond;Oui;mesures fixes;Moy. annuelle;16.0;15.533284457477972;µg-m3;93.0;100.0;93.0;R;1;43.675114;4.62921
2020/01/01 00:00:00;2020/12/31 23:59:59;ATMO SUD;FR93ZAG01;ZAG MARSEILLE-AIX;FR02041;SALON;Urbaine;NO2;Fond;Oui;mesures fixes;Moy. annuelle;13.0;12.590580975666525;µg-m3;98.0;100.0;98.0;R;1;43.639002;5.101097
2020/01/01 00:00:00;2020/12/31 23:59:59;ATMO SUD;FR93ZAG01;ZAG MARSEILLE-AIX;FR02043;Marignane;Urbaine;NO2;Fond;Oui;mesures fixes;Moy. annuelle;18.0;18.234339839265235;µg-m3;99.0;100.0;99.0;R;1;43.4165306;5.222281
2020/01/01 00:00:00;2020/12/31 23:59:59;ATMO SUD;FR93ZAG01;ZAG MARSEILLE-AIX;FR03006;MARSEILLE RABATAU;Urbaine;NO2;Trafic;Oui;mesures fixes;Moy. annuelle;35.0;35.43818223601062;µg-m3;99.0;100.0;99.0;R;1;43.276451;5.39736
2020/01/01 00:00:00;2020/12/31 23:59:59;ATMO SUD;FR93ZAG01;ZAG MARSEILLE-AIX;FR03014;MARSEILLE ST LOUIS;Urbaine;NO2;Fond;Oui;mesures fixes;Moy. annuelle;30.0;30.18934802571166;µg-m3;99.0;100.0;99.0;R;1;43.348048;5.360119
2020/01/01 00:00:00;2020/12/31 23:59:59;ATMO SUD;FR93ZAG01;ZAG MARSEILLE-AIX;FR03021;AIX ROY RENE;Urbaine;NO2;Trafic;Oui;mesures fixes;Moy. annuelle;28.0;28.34698601879447;µg-m3;99.0;100.0;99.0;R;1;43.524075;5.448164
2020/01/01 00:00:00;2020/12/31 23:59:59;ATMO SUD;FR93ZAG01;ZAG MARSEILLE-AIX;FR03029;AIX CENTRE ECOLE ART;Urbaine;NO2;Fond;Oui;mesures fixes;Moy. annuelle;17.0;16.55592286501381;µg-m3;98.0;97.0;95.0;R;1;43.530285;5.440912
2020/01/01 00:00:00;2020/12/31 23:59:59;ATMO SUD;FR93ZAG01;ZAG MARSEILLE-AIX;FR03032;AUBAGNE LES PASSONS;Urbaine;NO2;Fond;Oui;mesures fixes;Moy. annuelle;14.0;13.869654364381944;µg-m3;98.0;99.0;97.0;R;1;43.293138;5.574184
2020/01/01 00:00:00;2020/12/31 23:59:59;ATMO SUD;FR93ZAG01;ZAG MARSEILLE-AIX;FR03043;MARSEILLE 5 AVENUES;Urbaine;NO2;Fond;Oui;mesures fixes;Moy. annuelle;22.0;21.867754296330755;µg-m3;98.0;100.0;98.0;R;1;43.305287;5.394716
2020/01/01 00:00:00;2020/12/31 23:59:59;ATMO SUD;FR93ZAG03;ZAG TOULON;FR03060;LA SEYNE GENOUD;Urbaine;NO2;Fond;Oui;mesures fixes;Moy. annuelle;16.0;15.633941820751414;µg-m3;97.0;100.0;97.0;R;1;43.101565;5.875404
2020/01/01 00:00:00;2020/12/31 23:59:59;ATMO SUD;FR93ZAG03;ZAG TOULON;FR03068;TOULON FOCH;Urbaine;NO2;Trafic;Oui;mesures fixes;Moy. annuelle;31.0;30.589400327945622;µg-m3;99.0;98.0;97.0;R;1;43.126821;5.921605
2020/01/01 00:00:00;2020/12/31 23:59:59;ATMO SUD;FR93ZAR01;ZAR FREJUS-DRAGUIGNAN;FR03070;ESTEREL;Périurbaine;NO2;Fond;Oui;mesures fixes;Moy. annuelle;9.0;8.90757523348323;µg-m3;99.0;100.0;99.0;R;1;43.437874;6.76839
2020/01/01 00:00:00;2020/12/31 23:59:59;ATMO SUD;FR93ZAG03;ZAG TOULON;FR03071;TOULON CLARET;Urbaine;NO2;Fond;Oui;mesures fixes;Moy. annuelle;18.0;18.47437296795165;µg-m3;99.0;99.0;98.0;R;1;43.131113;5.924184
2020/01/01 00:00:00;2020/12/31 23:59:59;ATMO SUD;FR93ZAG04;ZAG AVIGNON;FR03080;AVIGNON   MAIRIE;Urbaine;NO2;Fond;Oui;mesures fixes;Moy. annuelle;13.0;13.048681166126785;µg-m3;98.0;100.0;98.0;R;1;43.949673;4.804341
2020/01/01 00:00:00;2020/12/31 23:59:59;ATMO SUD;FR93ZAG04;ZAG AVIGNON;FR03084;LE PONTET;Périurbaine;NO2;Fond;Oui;mesures fixes;Moy. annuelle;14.0;14.263703788224513;µg-m3;100.0;100.0;100.0;R;1;43.960144;4.856731
2020/01/01 00:00:00;2020/12/31 23:59:59;ATMO SUD;FR93ZAG04;ZAG AVIGNON;FR03087;Avignon Semard;Urbaine;NO2;Trafic;Oui;mesures fixes;Moy. annuelle;24.0;24.175712777191187;µg-m3;97.0;100.0;97.0;R;1;43.93706;4.824909
2020/01/01 00:00:00;2020/12/31 23:59:59;AIRPARIF;FR11ZAG01;ZAG PARIS;FR04002;GENNEVILLIERS;Urbaine;NO2;Fond;Oui;mesures fixes;Moy. annuelle;21.0;21.469473816717095;µg-m3;90.0;100.0;90.0;R;1;48.930319;2.29435
2020/01/01 00:00:00;2020/12/31 23:59:59;AIRPARIF;FR11ZAG01;ZAG PARIS;FR04004;PARIS 18eme;Urbaine;NO2;Fond;Oui;mesures fixes;Moy. annuelle;25.0;25.025500345065662;µg-m3;99.0;100.0;99.0;R;1;48.891666;2.346667
2020/01/01 00:00:00;2020/12/31 23:59:59;AIRPARIF;FR11ZAG01;ZAG PARIS;FR04012;Place Victor Basch;Urbaine;NO2;Trafic;Oui;mesures fixes;Moy. annuelle;45.0;44.96776796004617;µg-m3;94.0;94.0;89.0;R;1;48.827778;2.3275
2020/01/01 00:00:00;2020/12/31 23:59:59;AIRPARIF;FR11ZAG01;ZAG PARIS;FR04014;PARIS 12eme;Urbaine;NO2;Fond;Oui;mesures fixes;Moy. annuelle;25.0;25.07094571130919;µg-m3;98.0;100.0;98.0;R;1;48.837223;2.3939
2020/01/01 00:00:00;2020/12/31 23:59:59;AIRPARIF;FR11ZAG01;ZAG PARIS;FR04017;NEUILLY-SUR-SEINE;Urbaine;NO2;Fond;Oui;mesures fixes;Moy. annuelle;25.0;25.16920545942004;µg-m3;93.0;100.0;93.0;R;1;48.88139;2.278056
2020/01/01 00:00:00;2020/12/31 23:59:59;AIRPARIF;FR11ZAG01;ZAG PARIS;FR04018;AUBERVILLIERS;Urbaine;NO2;Fond;Oui;mesures fixes;Moy. annuelle;25.0;24.97891309495607;µg-m3;96.0;100.0;96.0;R;1;48.9039;2.3847
2020/01/01 00:00:00;2020/12/31 23:59:59;AIRPARIF;FR11ZAG01;ZAG PARIS;FR04024;GONESSE;Périurbaine;NO2;Fond;Oui;mesures fixes;Moy. annuelle;19.0;18.919103336422715;µg-m3;98.0;100.0;98.0;R;1;48.99083;2.444722
2020/01/01 00:00:00;2020/12/31 23:59:59;AIRPARIF;FR11ZAG01;ZAG PARIS;FR04029;VERSAILLES;Périurbaine;NO2;Fond;Oui;mesures fixes;Moy. annuelle;15.0;14.567703377045339;µg-m3;99.0;99.0;98.0;R;1;48.799168;2.130556
2020/01/01 00:00:00;2020/12/31 23:59:59;AIRPARIF;FR11ZAG01;ZAG PARIS;FR04031;Av Champs Elysees;Urbaine;NO2;Trafic;Oui;mesures fixes;Moy. annuelle;28.0;28.47409893992926;µg-m3;97.0;100.0;97.0;R;1;48.868772;2.311231
2020/01/01 00:00:00;2020/12/31 23:59:59;AIRPARIF;FR11ZAG01;ZAG PARIS;FR04034;VITRY-SUR-SEINE;Urbaine;NO2;Fond;Oui;mesures fixes;Moy. annuelle;22.0;21.74604530263649;µg-m3;92.0;100.0;92.0;R;1;48.775897;2.375788
2020/01/01 00:00:00;2020/12/31 23:59:59;AIRPARIF;FR11ZAG01;ZAG PARIS;FR04037;PARIS 13eme;Urbaine;NO2;Fond;Oui;mesures fixes;Moy. annuelle;22.0;22.004219409282644;µg-m3;97.0;100.0;97.0;R;1;48.82861;2.360278
2020/01/01 00:00:00;2020/12/31 23:59:59;AIRPARIF;FR11ZRE01;ZR ILE-DE-FRANCE;FR04038;Zone Rurale SO;Rurale régionale;NO2;Fond;Oui;mesures fixes;Moy. annuelle;6.0;6.273407551933914;µg-m3;99.0;100.0;99.0;R;1;48.581944;1.883333
2020/01/01 00:00:00;2020/12/31 23:59:59;AIRPARIF;FR11ZAG01;ZAG PARIS;FR04051;ARGENTEUIL;Urbaine;NO2;Fond;Oui;mesures fixes;Moy. annuelle;21.0;20.747837641942496;µg-m3;95.0;99.0;94.0;R;1;48.95139;2.223611
2020/01/01 00:00:00;2020/12/31 23:59:59;AIRPARIF;FR11ZAG01;ZAG PARIS;FR04055;PARIS 1er Les Halles;Urbaine;NO2;Fond;Oui;mesures fixes;Moy. annuelle;21.0;21.239201201953087;µg-m3;91.0;100.0;91.0;R;1;48.86212;2.344616
2020/01/01 00:00:00;2020/12/31 23:59:59;AIRPARIF;FR11ZAG01;ZAG PARIS;FR04058;Auto A1 -Saint-Denis;Urbaine;NO2;Trafic;Oui;mesures fixes;Moy. annuelle;59.0;59.375572151288885;µg-m3;95.0;100.0;95.0;R;1;48.925278;2.356667
2020/01/01 00:00:00;2020/12/31 23:59:59;AIRPARIF;FR11ZAG01;ZAG PARIS;FR04059;SAINT-DENIS;Urbaine;NO2;Fond;Oui;mesures fixes;Moy. annuelle;23.0;23.13453360768162;µg-m3;100.0;100.0;100.0;R;1;48.93722;2.361667
2020/01/01 00:00:00;2020/12/31 23:59:59;AIRPARIF;FR11ZAG01;ZAG PARIS;FR04060;PARIS 7eme;Urbaine;NO2;Fond;Oui;mesures fixes;Moy. annuelle;18.0;18.032166064981944;µg-m3;95.0;100.0;95.0;R;1;48.8572;2.2933
2020/01/01 00:00:00;2020/12/31 23:59:59;AIRPARIF;FR11ZAG01;ZAG PARIS;FR04063;MANTES-LA-JOLIE;Périurbaine;NO2;Fond;Oui;mesures fixes;Moy. annuelle;16.0;16.328097235932876;µg-m3;93.0;100.0;92.0;R;1;48.9964;1.7033
2020/01/01 00:00:00;2020/12/31 23:59:59;AIRPARIF;FR11ZAG01;ZAG PARIS;FR04069;MELUN;Périurbaine;NO2;Fond;Oui;mesures fixes;Moy. annuelle;15.0;15.422660835539231;µg-m3;99.0;100.0;99.0;R;1;48.54139;2.661389
2020/01/01 00:00:00;2020/12/31 23:59:59;AIRPARIF;FR11ZAG01;ZAG PARIS;FR04071;Rue Bonaparte;Urbaine;NO2;Trafic;Oui;mesures fixes;Moy. annuelle;26.0;26.44626121635103;µg-m3;69.0;99.0;69.0;N;-1;48.856388;2.335278
2020/01/01 00:00:00;2020/12/31 23:59:59;AIRPARIF;FR11ZAG01;ZAG PARIS;FR04098;LOGNES;Urbaine;NO2;Fond;Oui;mesures fixes;Moy. annuelle;18.0;18.308278351798773;µg-m3;91.0;100.0;91.0;R;1;48.84028;2.635278
2020/01/01 00:00:00;2020/12/31 23:59:59;AIRPARIF;FR11ZAG01;ZAG PARIS;FR04100;VILLEMOMBLE;Urbaine;NO2;Fond;Oui;mesures fixes;Moy. annuelle;21.0;21.286304398417528;µg-m3;98.0;100.0;98.0;R;1;48.881947;2.507222
2020/01/01 00:00:00;2020/12/31 23:59:59;AIRPARIF;FR11ZAG01;ZAG PARIS;FR04101;CHAMPIGNY-SUR-MARNE;Urbaine;NO2;Fond;Oui;mesures fixes;Moy. annuelle;21.0;20.698384157453535;µg-m3;96.0;98.0;94.0;R;1;48.816387;2.5175
2020/01/01 00:00:00;2020/12/31 23:59:59;AIRPARIF;FR11ZAG01;ZAG PARIS;FR04118;Place de l'Opéra;Urbaine;NO2;Trafic;Oui;mesures fixes;Moy. annuelle;38.0;37.65230731766702;µg-m3;93.0;100.0;93.0;R;1;48.870274;2.3325
2020/01/01 00:00:00;2020/12/31 23:59:59;AIRPARIF;FR11ZAG01;ZAG PARIS;FR04122;RN6-MELUN;Périurbaine;NO2;Trafic;Oui;mesures fixes;Moy. annuelle;31.0;31.40034705600772;µg-m3;95.0;100.0;95.0;R;1;48.528057;2.653611
2020/01/01 00:00:00;2020/12/31 23:59:59;AIRPARIF;FR11ZAG01;ZAG PARIS;FR04123;RN2-PANTIN;Urbaine;NO2;Trafic;Oui;mesures fixes;Moy. annuelle;42.0;41.849255797854035;µg-m3;99.0;100.0;99.0;R;1;48.90222;2.390833
2020/01/01 00:00:00;2020/12/31 23:59:59;AIRPARIF;FR11ZAG01;ZAG PARIS;FR04131;Boulevard Haussmann;Urbaine;NO2;Trafic;Oui;mesures fixes;Moy. annuelle;35.0;35.2846711912006;µg-m3;97.0;100.0;97.0;R;1;48.873333;2.330278
2020/01/01 00:00:00;2020/12/31 23:59:59;AIRPARIF;FR11ZAG01;ZAG PARIS;FR04135;Boulevard Soult;Urbaine;NO2;Trafic;Oui;mesures fixes;Moy. annuelle;28.0;28.047798524665684;µg-m3;99.0;100.0;99.0;R;1;48.83796;2.408061
2020/01/01 00:00:00;2020/12/31 23:59:59;AIRPARIF;FR11ZAG01;ZAG PARIS;FR04141;Quai des Celestins;Urbaine;NO2;Trafic;Oui;mesures fixes;Moy. annuelle;37.0;36.605255764953746;µg-m3;98.0;99.0;97.0;R;1;48.85278;2.360556
2020/01/01 00:00:00;2020/12/31 23:59:59;AIRPARIF;FR11ZAG01;ZAG PARIS;FR04149;MONTGERON;Urbaine;NO2;Fond;Oui;mesures fixes;Moy. annuelle;17.0;16.793597382871887;µg-m3;98.0;99.0;97.0;R;1;48.7067;2.4572
2020/01/01 00:00:00;2020/12/31 23:59:59;AIRPARIF;FR11ZAG01;ZAG PARIS;FR04150;LA DEFENSE;Urbaine;NO2;Fond;Oui;mesures fixes;Moy. annuelle;24.0;24.45112204488171;µg-m3;95.0;100.0;95.0;R;1;48.891388;2.240556
2020/01/01 00:00:00;2020/12/31 23:59:59;AIRPARIF;FR11ZAG01;ZAG PARIS;FR04156;BOBIGNY;Urbaine;NO2;Fond;Oui;mesures fixes;Moy. annuelle;23.0;22.636533800161633;µg-m3;85.0;100.0;85.0;R;1;48.902504;2.4525
2020/01/01 00:00:00;2020/12/31 23:59:59;AIRPARIF;FR11ZAG01;ZAG PARIS;FR04179;PARIS Stade Lenglen;Urbaine;NO2;Fond;Oui;mesures fixes;Moy. annuelle;18.0;17.91648338513025;µg-m3;97.0;98.0;95.0;R;1;48.830387;2.269889
2020/01/01 00:00:00;2020/12/31 23:59:59;AIRPARIF;FR11ZAG01;ZAG PARIS;FR04180;RN20 - MONTLHERY;Périurbaine;NO2;Trafic;Oui;mesures fixes;Moy. annuelle;49.0;49.11157510881085;µg-m3;98.0;99.0;97.0;R;1;48.64093;2.26872
2020/01/01 00:00:00;2020/12/31 23:59:59;AIRPARIF;FR11ZAG01;ZAG PARIS;FR04319;TREMBLAY-EN-FRANCE;Périurbaine;NO2;Fond;Oui;mesures fixes;Moy. annuelle;20.0;20.414198596248966;µg-m3;99.0;100.0;99.0;R;1;48.95555;2.575278
2020/01/01 00:00:00;2020/12/31 23:59:59;AIRPARIF;FR11ZAG01;ZAG PARIS;FR04323;EVRY;Urbaine;NO2;Fond;Oui;mesures fixes;Moy. annuelle;19.0;19.02843439534088;µg-m3;100.0;100.0;100.0;R;1;48.62722;2.429167
2020/01/01 00:00:00;2020/12/31 23:59:59;AIRPARIF;FR11ZRE01;ZR ILE-DE-FRANCE;FR04328;Zone Rurale SE;Rurale régionale;NO2;Fond;Oui;mesures fixes;Moy. annuelle;4.0;4.238683509097234;µg-m3;98.0;100.0;98.0;R;1;48.3547;2.6453
2020/01/01 00:00:00;2020/12/31 23:59:59;AIRPARIF;FR11ZAG01;ZAG PARIS;FR04329;Bld peripherique Est;Urbaine;NO2;Trafic;Oui;mesures fixes;Moy. annuelle;49.0;49.49774045432566;µg-m3;95.0;99.0;94.0;R;1;48.838615;2.412781
2020/01/01 00:00:00;2020/12/31 23:59:59;ATMO NORMANDIE;FR28ZAR01;ZAR LE-HAVRE;FR05078;Le Havre Massillon;Urbaine;NO2;Fond;Oui;mesures fixes;Moy. annuelle;14.0;14.151282638570793;µg-m3;99.0;100.0;99.0;R;1;49.4983;0.142706
2020/01/01 00:00:00;2020/12/31 23:59:59;ATMO NORMANDIE;FR28ZAR01;ZAR LE-HAVRE;FR05083;Gonfreville l Orcher;Urbaine;NO2;Industrielle;Oui;mesures fixes;Moy. annuelle;11.0;11.372161470451404;µg-m3;98.0;100.0;98.0;R;1;49.50273;0.232486
2020/01/01 00:00:00;2020/12/31 23:59:59;ATMO NORMANDIE;FR28ZAR01;ZAR LE-HAVRE;FR05084;NDGravenchon Pasteur;Urbaine;NO2;Industrielle;Oui;mesures fixes;Moy. annuelle;10.0;9.728671168593326;µg-m3;99.0;100.0;99.0;R;1;49.493332;0.571853
2020/01/01 00:00:00;2020/12/31 23:59:59;ATMO NORMANDIE;FR28ZRE01;ZR NORMANDIE;FR05087;Maison Parc Brotonne;Rurale régionale;NO2;Fond;Oui;mesures fixes;Moy. annuelle;6.0;6.290694222425223;µg-m3;100.0;100.0;100.0;R;1;49.498417;0.758697
2020/01/01 00:00:00;2020/12/31 23:59:59;ATMO NORMANDIE;FR28ZAR01;ZAR LE-HAVRE;FR05089;Le Havre Lafaurie-montant;Urbaine;NO2;Trafic;Oui;mesures fixes;Moy. annuelle;24.0;24.056217646382134;µg-m3;99.0;100.0;99.0;R;1;49.500187;0.110903
2020/01/01 00:00:00;2020/12/31 23:59:59;ATMO NORMANDIE;FR28ZAR01;ZAR LE-HAVRE;FR05090;Le Havre ville-haute;Urbaine;NO2;Fond;Oui;mesures fixes;Moy. annuelle;9.0;8.835957885099562;µg-m3;99.0;100.0;99.0;R;1;49.514686;0.100645
2020/01/01 00:00:00;2020/12/31 23:59:59;ATMO HAUTS DE FRANCE;FR32ZAG01;ZAG BLDV;FR06001;Valenciennes Acacias;Urbaine;NO2;Fond;Oui;mesures fixes;Moy. annuelle;13.0;12.902657718120803;µg-m3;86.0;99.0;85.0;R;1;50.35853;3.50804
2020/01/01 00:00:00;2020/12/31 23:59:59;ATMO HAUTS DE FRANCE;FR32ZAG01;ZAG BLDV;FR06003;Douai Theuriet;Urbaine;NO2;Fond;Oui;mesures fixes;Moy. annuelle;12.0;12.142908522283044;µg-m3;73.0;100.0;73.0;N;-1;50.37822;3.06586
2020/01/01 00:00:00;2020/12/31 23:59:59;ATMO HAUTS DE FRANCE;FR32ZAG01;ZAG BLDV;FR06006;Valenciennes Wallon;Urbaine;NO2;Trafic;Oui;mesures fixes;Moy. annuelle;25.0;24.59224557984135;µg-m3;83.0;99.0;82.0;N;-1;50.36425;3.52273
2020/01/01 00:00:00;2020/12/31 23:59:59;ATMO HAUTS DE FRANCE;FR32ZRE01;ZR HAUTS-DE-FRANCE;FR06007;Maubeuge Joyeuse;Urbaine;NO2;Fond;Oui;mesures fixes;Moy. annuelle;11.0;11.416107223342504;µg-m3;96.0;100.0;96.0;R;1;50.27936;3.97691
2020/01/01 00:00:00;2020/12/31 23:59:59;ATMO HAUTS DE FRANCE;FR32ZAG01;ZAG BLDV;FR06011;Denain Villars;Périurbaine;NO2;Fond;Oui;mesures fixes;Moy. annuelle;11.0;11.408258277305608;µg-m3;90.0;100.0;90.0;R;1;50.32276;3.39593
2020/01/01 00:00:00;2020/12/31 23:59:59;ATMO HAUTS DE FRANCE;FR32ZRE01;ZR HAUTS-DE-FRANCE;FR06133;Cartignies;Rurale près des villes;NO2;Fond;Oui;mesures fixes;Moy. annuelle;5.0;4.825826287471192;µg-m3;90.0;99.0;89.0;R;1;50.09225;3.85003
2020/01/01 00:00:00;2020/12/31 23:59:59;ATMO HAUTS DE FRANCE;FR32ZAG01;ZAG BLDV;FR06134;Saint Amand;Périurbaine;NO2;Fond;Oui;mesures fixes;Moy. annuelle;10.0;10.151229722658307;µg-m3;90.0;24.0;22.0;N;-1;50.45647;3.42794
2020/01/01 00:00:00;2020/12/31 23:59:59;ATMO AUVERGNE-RHÔNE-ALPES;FR84ZAG04;ZAG CLERMONT-FERRAND;FR07004;Montferrand;Urbaine;NO2;Fond;Oui;mesures fixes;Moy. annuelle;16.0;15.57822120866595;µg-m3;100.0;100.0;100.0;R;1;45.79728;3.113833
2020/01/01 00:00:00;2020/12/31 23:59:59;ATMO AUVERGNE-RHÔNE-ALPES;FR84ZAG04;ZAG CLERMONT-FERRAND;FR07009;Jardin Lecoq;Urbaine;NO2;Fond;Oui;mesures indicatives;Moy. annuelle;16.0;16.217853445300833;µg-m3;;;;R;1;45.772167;3.0875
2020/01/01 00:00:00;2020/12/31 23:59:59;ATMO AUVERGNE-RHÔNE-ALPES;FR84ZRE01;ZR AUVERGNE-RHONE-ALPES;FR07022;Paray le Fresil;Rurale régionale;NO2;Fond;Oui;mesures fixes;Moy. annuelle;3.0;3.000886586067938;µg-m3;99.0;100.0;99.0;R;1;46.652668;3.600667
2020/01/01 00:00:00;2020/12/31 23:59:59;ATMO AUVERGNE-RHÔNE-ALPES;FR84ZAG04;ZAG CLERMONT-FERRAND;FR07034;Clermont-Esplanade Gare;Urbaine;NO2;Trafic;Oui;mesures fixes;Moy. annuelle;29.0;29.025319099559066;µg-m3;99.0;99.0;98.0;R;1;45.775696;3.09625
2020/01/01 00:00:00;2020/12/31 23:59:59;ATMO AUVERGNE-RHÔNE-ALPES;FR84ZAG04;ZAG CLERMONT-FERRAND;FR07039;Chamalières Europe;Urbaine;NO2;Trafic;Oui;mesures indicatives;Moy. annuelle;22.0;21.796795313576855;µg/m3;;;;R;1;45.774728;3.062978
2020/01/01 00:00:00;2020/12/31 23:59:59;ATMO AUVERGNE-RHÔNE-ALPES;FR84ZAR05;ZAR MOULINS;FR07048;Villeneuve sur Allier;Rurale près des villes;NO2;Trafic;Oui;mesures indicatives;Moy. annuelle;9.0;9.453413516609382;µg-m3;;;;R;1;46.659048;3.249247
2020/01/01 00:00:00;2020/12/31 23:59:59;ATMO AUVERGNE-RHÔNE-ALPES;FR84ZAG04;ZAG CLERMONT-FERRAND;FR07051;Beaulieu;Périurbaine;NO2;Industrielle;Oui;mesures indicatives;Moy. annuelle;10.0;10.383479870430358;µg-m3;;;;R;1;45.769;3.155
2020/01/01 00:00:00;2020/12/31 23:59:59;ATMO AUVERGNE-RHÔNE-ALPES;FR84ZRE01;ZR AUVERGNE-RHONE-ALPES;FR07052;Aurillac-Lagarde;Urbaine;NO2;Fond;Oui;mesures indicatives;Moy. annuelle;8.0;7.6451074531321455;µg-m3;;;;R;1;44.92008;2.441082
2020/01/01 00:00:00;2020/12/31 23:59:59;ATMO AUVERGNE-RHÔNE-ALPES;FR84ZAG04;ZAG CLERMONT-FERRAND;FR07053;Edouard Michelin;Urbaine;NO2;Trafic;Oui;mesures indicatives;Moy. annuelle;27.0;26.72969924812032;µg-m3;;;;R;1;45.780434;3.111592
2020/01/01 00:00:00;2020/12/31 23:59:59;ATMO AUVERGNE-RHÔNE-ALPES;FR84ZRE01;ZR AUVERGNE-RHONE-ALPES;FR07054;Le Puy-Causans;Urbaine;NO2;Fond;Oui;mesures indicatives;Moy. annuelle;12.0;11.72092624356776;µg-m3;;;;R;1;45.039001;3.887001
2020/01/01 00:00:00;2020/12/31 23:59:59;ATMO AUVERGNE-RHÔNE-ALPES;FR84ZAR05;ZAR MOULINS;FR07057;Moulins Centre;Urbaine;NO2;Fond;Oui;mesures fixes;Moy. annuelle;11.0;10.59054701905345;µg-m3;98.0;95.0;93.0;R;1;46.5619722;3.34063888888888
2020/01/01 00:00:00;2020/12/31 23:59:59;ATMO AUVERGNE-RHÔNE-ALPES;FR84ZRE01;ZR AUVERGNE-RHONE-ALPES;FR07058;Montluçon;Urbaine;NO2;Fond;Oui;mesures indicatives;Moy. annuelle;12.0;12.23744729344729;µg-m3;;;;R;1;46.340723;2.593945
2020/01/01 00:00:00;2020/12/31 23:59:59;ATMO AUVERGNE-RHÔNE-ALPES;FR84ZRE01;ZR AUVERGNE-RHONE-ALPES;FR07059;Vichy;Urbaine;NO2;Fond;Oui;mesures indicatives;Moy. annuelle;12.0;12.08709824481424;µg-m3;;;;R;1;46.130431;3.425694
2020/01/01 00:00:00;2020/12/31 23:59:59;ATMO AUVERGNE-RHÔNE-ALPES;FR84ZAG04;ZAG CLERMONT-FERRAND;FR07060;Royat Périurbaine;Périurbaine;NO2;Fond;Oui;mesures fixes;Moy. annuelle;8.0;8.37103762827825;µg-m3;100.0;100.0;100.0;R;1;45.764111;3.046111
2020/01/01 00:00:00;2020/12/31 23:59:59;ATMO AUVERGNE-RHÔNE-ALPES;FR84ZAG04;ZAG CLERMONT-FERRAND;FR07061;Riom Périurbaine;Périurbaine;NO2;Fond;Oui;mesures indicatives;Moy. annuelle;11.0;10.706868918145389;µg-m3;;;;R;1;45.89674;3.122254
2020/01/01 00:00:00;2020/12/31 23:59:59;ATMO OCCITANIE;FR76ZAG02;ZAG MONTPELLIER;FR08003;Montpellier Chaptal;Urbaine;NO2;Fond;Oui;mesures indicatives;Moy. annuelle;19.0;19.347314285714297;µg/m3;;;;R;1;43.611302;3.86626
2020/01/01 00:00:00;2020/12/31 23:59:59;ATMO OCCITANIE;FR76ZAG02;ZAG MONTPELLIER;FR08004;Montpellier St Denis;Urbaine;NO2;Trafic;Oui;mesures fixes;Moy. annuelle;32.0;31.77985857664218;µg/m3;100.0;100.0;100.0;R;1;43.6051;3.87464
2020/01/01 00:00:00;2020/12/31 23:59:59;ATMO OCCITANIE;FR76ZAG02;ZAG MONTPELLIER;FR08016;Montpellier Prés d'Arènes;Urbaine;NO2;Fond;Oui;mesures fixes;Moy. annuelle;15.0;15.096390484003344;µg/m3;97.0;100.0;97.0;R;1;43.5915;3.88681
2020/01/01 00:00:00;2020/12/31 23:59:59;ATMO OCCITANIE;FR76ZRE01;ZR OCCITANIE;FR08020;Lunel Viel;Périurbaine;NO2;Industrielle;Oui;mesures fixes;Moy. annuelle;10.0;9.788146177865137;µg-m3;99.0;100.0;98.0;R;1;43.6758;4.08838
2020/01/01 00:00:00;2020/12/31 23:59:59;ATMO OCCITANIE;FR76ZRE01;ZR OCCITANIE;FR08022;Agathois-piscénois;Périurbaine;NO2;Fond;Oui;mesures fixes;Moy. annuelle;6.0;5.835582822085885;µg-m3;93.0;99.0;93.0;R;1;43.2875;3.50484
2020/01/01 00:00:00;2020/12/31 23:59:59;ATMO OCCITANIE;FR76ZAG02;ZAG MONTPELLIER;FR08030;Pompignane;Urbaine;NO2;Trafic;Oui;mesures fixes;Moy. annuelle;21.0;20.63425484957601;µg-m3;98.0;100.0;98.0;R;1;43.6096;3.89878
2020/01/01 00:00:00;2020/12/31 23:59:59;ATMO OCCITANIE;FR76ZAR02;ZAR NIMES;FR08614;Nimes Gauzy;Urbaine;NO2;Fond;Oui;mesures fixes;Moy. annuelle;14.0;13.83098376088488;µg/m3;97.0;100.0;97.0;R;1;43.8344;4.3744
2020/01/01 00:00:00;2020/12/31 23:59:59;ATMO OCCITANIE;FR76ZAR02;ZAR NIMES;FR08616;Nimes Planas;Urbaine;NO2;Trafic;Oui;mesures fixes;Moy. annuelle;25.0;24.895868730361936;µg/m3;98.0;100.0;98.0;R;1;43.8299;4.36199
2020/01/01 00:00:00;2020/12/31 23:59:59;ATMO OCCITANIE;FR76ZAR02;ZAR NIMES;FR08617;Nimes La Calmette;Périurbaine;NO2;Fond;Oui;mesures fixes;Moy. annuelle;12.0;12.015967016491766;µg-m3;98.0;16.0;15.0;N;-1;43.9254;4.26581
2020/01/01 00:00:00;2020/12/31 23:59:59;ATMO OCCITANIE;FR76ZAR01;ZAR PERPIGNAN;FR08713;Perpignan Rigaud;Urbaine;NO2;Fond;Oui;mesures fixes;Moy. annuelle;13.0;13.398898423005658;µg/m3;98.0;100.0;98.0;R;1;42.6835;2.90351
2020/01/01 00:00:00;2020/12/31 23:59:59;ATMO OCCITANIE;FR76ZAR01;ZAR PERPIGNAN;FR08714;Perpignan Les Carmes;Urbaine;NO2;Fond;Oui;mesures fixes;Moy. annuelle;16.0;15.54538068709373;µg/m3;98.0;100.0;98.0;R;1;42.6955;2.90053
2020/01/01 00:00:00;2020/12/31 23:59:59;ATMO NOUVELLE-AQUITAINE;FR75ZRE01;ZR NOUVELLE-AQUITAINE;FR09003;place de VERDUN;Urbaine;NO2;Fond;Oui;mesures fixes;Moy. annuelle;13.0;12.687024448419837;µg-m3;95.0;100.0;95.0;R;1;46.162647;-1.153684
2020/01/01 00:00:00;2020/12/31 23:59:59;ATMO NOUVELLE-AQUITAINE;FR75ZRE01;ZR NOUVELLE-AQUITAINE;FR09008;Aytré;Périurbaine;NO2;Fond;Oui;mesures fixes;Moy. annuelle;7.0;6.69026050222952;µg-m3;97.0;100.0;97.0;R;1;46.135134;-1.117086
2020/01/01 00:00:00;2020/12/31 23:59:59;ATMO NOUVELLE-AQUITAINE;FR75ZAR02;ZAR POITIERS;FR09015;Les Couronneries;Périurbaine;NO2;Fond;Oui;mesures fixes;Moy. annuelle;8.0;8.251878926327805;µg-m3;100.0;100.0;100.0;R;1;46.586958;0.358458
2020/01/01 00:00:00;2020/12/31 23:59:59;ATMO NOUVELLE-AQUITAINE;FR75ZRE01;ZR NOUVELLE-AQUITAINE;FR09016;La Couronne;Périurbaine;NO2;Fond;Oui;mesures fixes;Moy. annuelle;14.0;13.851677852348997;µg-m3;96.0;4.0;3.0;N;-1;45.60882;0.099722
2020/01/01 00:00:00;2020/12/31 23:59:59;ATMO NOUVELLE-AQUITAINE;FR75ZAR03;ZAR NIORT;FR09019;Niort Ferry;Urbaine;NO2;Fond;Oui;mesures fixes;Moy. annuelle;17.0;17.246799999999993;µg-m3;99.0;6.0;6.0;N;-1;46.329586;-0.458889
2020/01/01 00:00:00;2020/12/31 23:59:59;ATMO NOUVELLE-AQUITAINE;FR75ZRE01;ZR NOUVELLE-AQUITAINE;FR09103;Square Pablo Casals;Urbaine;NO2;Fond;Oui;mesures fixes;Moy. annuelle;12.0;11.541196132266913;µg-m3;96.0;99.0;95.0;R;1;45.647428;0.167162
2020/01/01 00:00:00;2020/12/31 23:59:59;ATMO NOUVELLE-AQUITAINE;FR75ZRE01;ZR NOUVELLE-AQUITAINE;FR09106;ANGOULEME-GAMBETTA;Urbaine;NO2;Trafic;Oui;mesures fixes;Moy. annuelle;21.0;20.68013313439694;µg-m3;99.0;100.0;99.0;R;1;45.651464;0.162391
2020/01/01 00:00:00;2020/12/31 23:59:59;ATMO NOUVELLE-AQUITAINE;FR75ZRE01;ZR NOUVELLE-AQUITAINE;FR09301;AIRVAULT 2;Périurbaine;NO2;Fond;Oui;mesures fixes;Moy. annuelle;6.0;5.802261564820093;µg-m3;100.0;100.0;100.0;R;1;46.824368;-0.135461
2020/01/01 00:00:00;2020/12/31 23:59:59;ATMO NOUVELLE-AQUITAINE;FR75ZRE01;ZR NOUVELLE-AQUITAINE;FR09302;Zoodyssée Chizé;Rurale régionale;NO2;Fond;Oui;mesures fixes;Moy. annuelle;2.0;2.2464820958700282;µg-m3;100.0;100.0;100.0;R;1;46.143234;-0.395913
2020/01/01 00:00:00;2020/12/31 23:59:59;ATMO NOUVELLE-AQUITAINE;FR75ZAR03;ZAR NIORT;FR09303;Niort Venise;Urbaine;NO2;Fond;Oui;mesures fixes;Moy. annuelle;8.0;7.837232015245377;µg-m3;97.0;99.0;96.0;R;1;46.320028;-0.482861
2020/01/01 00:00:00;2020/12/31 23:59:59;ATMO NOUVELLE-AQUITAINE;FR75ZAR03;ZAR NIORT;FR09399;Niort Trafic 6;Urbaine;NO2;Trafic;Oui;mesures fixes;Moy. annuelle;22.0;21.5485199632859;µg-m3;99.0;100.0;99.0;R;1;46.321976;-0.4664312
2020/01/01 00:00:00;2020/12/31 23:59:59;ATMO NOUVELLE-AQUITAINE;FR75ZAR02;ZAR POITIERS;FR09403;Poitiers-Le Nain;Urbaine;NO2;Trafic;Oui;mesures fixes;Moy. annuelle;29.0;28.632658430565066;µg-m3;100.0;100.0;100.0;R;1;46.591231;0.34039
2020/01/01 00:00:00;2020/12/31 23:59:59;ATMO NOUVELLE-AQUITAINE;FR75ZAR02;ZAR POITIERS;FR09404;Poitiers Centre  Augouard;Urbaine;NO2;Fond;Oui;mesures fixes;Moy. annuelle;14.0;14.391287356321833;µg-m3;99.0;100.0;99.0;R;1;46.583998;0.345582
2020/01/01 00:00:00;2020/12/31 23:59:59;ATMO HAUTS DE FRANCE;FR32ZAR01;ZAR COTE-D-OPALE;FR10012;Mardyck;Périurbaine;NO2;Industrielle;Oui;mesures fixes;Moy. annuelle;12.0;12.135350472956633;µg-m3;96.0;98.0;94.0;R;1;51.01943;2.25099
2020/01/01 00:00:00;2020/12/31 23:59:59;ATMO HAUTS DE FRANCE;FR32ZAR01;ZAR COTE-D-OPALE;FR10017;St Pol mer - cheminots;Urbaine;NO2;Fond;Oui;mesures fixes;Moy. annuelle;14.0;13.905992895611263;µg-m3;99.0;100.0;99.0;R;1;51.032761;2.332358
2020/01/01 00:00:00;2020/12/31 23:59:59;ATMO HAUTS DE FRANCE;FR32ZAR01;ZAR COTE-D-OPALE;FR10025;Sangatte;Périurbaine;NO2;Fond;Oui;mesures fixes;Moy. annuelle;10.0;9.828048493408643;µg-m3;97.0;100.0;97.0;R;1;50.94989;1.76917
2020/01/01 00:00:00;2020/12/31 23:59:59;ATMO HAUTS DE FRANCE;FR32ZAR01;ZAR COTE-D-OPALE;FR10026;Calais Parmentier;Urbaine;NO2;Fond;Oui;mesures fixes;Moy. annuelle;12.0;12.160976518822242;µg-m3;93.0;99.0;92.0;R;1;50.9578;1.89008
2020/01/01 00:00:00;2020/12/31 23:59:59;ATMO HAUTS DE FRANCE;FR32ZAR01;ZAR COTE-D-OPALE;FR10029;Cappelle la Grande;Périurbaine;NO2;Fond;Oui;mesures fixes;Moy. annuelle;10.0;10.392887080867864;µg-m3;93.0;100.0;92.0;R;1;50.99594;2.36627
2020/01/01 00:00:00;2020/12/31 23:59:59;ATMO HAUTS DE FRANCE;FR32ZAR01;ZAR COTE-D-OPALE;FR10032;Outreau;Périurbaine;NO2;Fond;Oui;mesures fixes;Moy. annuelle;8.0;7.610778995960781;µg-m3;99.0;100.0;99.0;R;1;50.69435;1.57657
2020/01/01 00:00:00;2020/12/31 23:59:59;ATMO HAUTS DE FRANCE;FR32ZAR01;ZAR COTE-D-OPALE;FR10034;Grande-synthe;Urbaine;NO2;Industrielle;Oui;mesures fixes;Moy. annuelle;14.0;14.22543449598469;µg-m3;95.0;100.0;95.0;R;1;51.02446;2.30215
2020/01/01 00:00:00;2020/12/31 23:59:59;ATMO HAUTS DE FRANCE;FR32ZAR01;ZAR COTE-D-OPALE;FR10041;St Omer Ribot;Urbaine;NO2;Fond;Oui;mesures fixes;Moy. annuelle;11.0;11.3954193709436;µg-m3;91.0;100.0;91.0;R;1;50.74823;2.25978
2020/01/01 00:00:00;2020/12/31 23:59:59;ATMO HAUTS DE FRANCE;FR32ZAG02;ZAG LILLE;FR11007;Lille Leeds;Urbaine;NO2;Trafic;Oui;mesures fixes;Moy. annuelle;19.0;18.742990323341985;µg-m3;96.0;100.0;96.0;R;1;50.6407944;3.074772
2020/01/01 00:00:00;2020/12/31 23:59:59;ATMO HAUTS DE FRANCE;FR32ZAG02;ZAG LILLE;FR11025;Lille Fives;Urbaine;NO2;Fond;Oui;mesures fixes;Moy. annuelle;17.0;17.33988023952101;µg-m3;97.0;98.0;95.0;R;1;50.62805;3.09031
2020/01/01 00:00:00;2020/12/31 23:59:59;ATMO HAUTS DE FRANCE;FR32ZAG02;ZAG LILLE;FR11026;Halluin stade;Périurbaine;NO2;Fond;Oui;mesures fixes;Moy. annuelle;12.0;12.400898741761504;µg-m3;95.0;100.0;95.0;R;1;50.775482;3.12568
2020/01/01 00:00:00;2020/12/31 23:59:59;ATMO HAUTS DE FRANCE;FR32ZAG02;ZAG LILLE;FR11034;Roubaix Serres;Urbaine;NO2;Trafic;Oui;mesures fixes;Moy. annuelle;23.0;22.81882498453935;µg-m3;93.0;99.0;92.0;R;1;50.706535;3.18066
2020/01/01 00:00:00;2020/12/31 23:59:59;ATMO OCCITANIE;FR76ZAG01;ZAG TOULOUSE;FR12004;ECOLE M.JACQUIER;Urbaine;NO2;Fond;Oui;mesures indicatives;Moy. annuelle;14.0;14.1083265019323;µg-m3;;;;R;1;43.575694;1.418064
2020/01/01 00:00:00;2020/12/31 23:59:59;ATMO OCCITANIE;FR76ZRE01;ZR OCCITANIE;FR12020;PEYRUSSE;Rurale nationale;NO2;Fond;Oui;mesures fixes;Moy. annuelle;1.0;0.6966872286954534;µg-m3;100.0;100.0;100.0;R;1;43.6287;0.179069
2020/01/01 00:00:00;2020/12/31 23:59:59;ATMO OCCITANIE;FR76ZAG01;ZAG TOULOUSE;FR12021;Toulouse Mazades;Urbaine;NO2;Fond;Oui;mesures fixes;Moy. annuelle;15.0;14.76651483298308;µg-m3;99.0;99.0;97.0;R;1;43.623606;1.438531
2020/01/01 00:00:00;2020/12/31 23:59:59;ATMO OCCITANIE;FR76ZRE01;ZR OCCITANIE;FR12026;ALBI DELMAS;Urbaine;NO2;Fond;Oui;mesures fixes;Moy. annuelle;12.0;11.675155134059219;µg-m3;98.0;100.0;97.0;R;1;43.927769;2.145897
2020/01/01 00:00:00;2020/12/31 23:59:59;ATMO OCCITANIE;FR76ZAG01;ZAG TOULOUSE;FR12030;Toulouse Berthelot;Urbaine;NO2;Fond;Oui;mesures fixes;Moy. annuelle;14.0;13.535279944928863;µg-m3;99.0;100.0;99.0;R;1;43.587344;1.444003
2020/01/01 00:00:00;2020/12/31 23:59:59;ATMO OCCITANIE;FR76ZRE01;ZR OCCITANIE;FR12042;LOURDES LAPACCA;Urbaine;NO2;Fond;Oui;mesures fixes;Moy. annuelle;10.0;10.055331280647687;µg-m3;100.0;100.0;100.0;R;1;43.096247;-0.040497
2020/01/01 00:00:00;2020/12/31 23:59:59;ATMO OCCITANIE;FR76ZAG01;ZAG TOULOUSE;FR12044;Toulouse aéroport côté trafic;Urbaine;NO2;Industrielle;Oui;mesures indicatives;Moy. annuelle;14.0;14.193780668720766;µg-m3;;;;R;1;43.633478;1.375717
2020/01/01 00:00:00;2020/12/31 23:59:59;ATMO OCCITANIE;FR76ZRE01;ZR OCCITANIE;FR12045;LOURDES PARADIS;Urbaine;NO2;Trafic;Oui;mesures fixes;Moy. annuelle;11.0;11.175644699140415;µg-m3;99.0;44.0;44.0;N;-1;43.094992;-0.052394
2020/01/01 00:00:00;2020/12/31 23:59:59;ATMO OCCITANIE;FR76ZRE01;ZR OCCITANIE;FR12052;Tarbes lycée Dupuy;Urbaine;NO2;Fond;Oui;mesures fixes;Moy. annuelle;11.0;11.059939231038914;µg-m3;98.0;99.0;97.0;R;1;43.230297;0.062339
2020/01/01 00:00:00;2020/12/31 23:59:59;ATMO OCCITANIE;FR76ZRE01;ZR OCCITANIE;FR12053;Stade Travet CASTRES;Urbaine;NO2;Fond;Oui;mesures fixes;Moy. annuelle;7.0;6.900864652985919;µg-m3;99.0;100.0;99.0;R;1;43.610497;2.23015
2020/01/01 00:00:00;2020/12/31 23:59:59;ATMO OCCITANIE;FR76ZAG01;ZAG TOULOUSE;FR12054;TRAFIC_TOULOUSE;Urbaine;NO2;Trafic;Oui;mesures fixes;Moy. annuelle;30.0;30.020207375986733;µg-m3;97.0;100.0;97.0;R;1;43.643944;1.468244
2020/01/01 00:00:00;2020/12/31 23:59:59;ATMO OCCITANIE;FR76ZAG01;ZAG TOULOUSE;FR12085;Toulouse Port de l'Embouchure;Urbaine;NO2;Trafic;Oui;mesures fixes;Moy. annuelle;35.0;34.57582904345743;µg-m3;95.0;100.0;95.0;R;1;43.610386;1.4152
2020/01/01 00:00:00;2020/12/31 23:59:59;ATMO OCCITANIE;FR76ZRE01;ZR OCCITANIE;FR12095;Rodez;Urbaine;NO2;Fond;Oui;mesures fixes;Moy. annuelle;12.0;12.371361702127682;µg-m3;100.0;27.0;27.0;N;-1;44.35699225;2.57070422
2020/01/01 00:00:00;2020/12/31 23:59:59;ATMO GRAND EST;FR44ZRE01;ZR GRAND-EST;FR14008;REVIN;Rurale nationale;NO2;Fond;Oui;mesures fixes;Moy. annuelle;5.0;4.793660606060601;µg-m3;94.0;100.0;94.0;R;1;49.90778;4.63
2020/01/01 00:00:00;2020/12/31 23:59:59;ATMO GRAND EST;FR44ZAR01;ZAR REIMS;FR14010;BETHENY;Périurbaine;NO2;Fond;Oui;mesures fixes;Moy. annuelle;13.0;12.723990086740969;µg-m3;93.0;99.0;92.0;R;1;49.28222;4.051111
2020/01/01 00:00:00;2020/12/31 23:59:59;ATMO GRAND EST;FR44ZAR01;ZAR REIMS;FR14011;DOUMER;Urbaine;NO2;Trafic;Oui;mesures fixes;Moy. annuelle;31.0;31.37543940264207;µg-m3;99.0;100.0;99.0;R;1;49.250732;4.023064
2020/01/01 00:00:00;2020/12/31 23:59:59;ATMO GRAND EST;FR44ZAR01;ZAR REIMS;FR14012;Jean d Aulan;Urbaine;NO2;Fond;Oui;mesures fixes;Moy. annuelle;13.0;13.063981097279866;µg-m3;99.0;100.0;99.0;R;1;49.224167;4.020556
2020/01/01 00:00:00;2020/12/31 23:59:59;ATMO GRAND EST;FR44ZRE01;ZR GRAND-EST;FR14022;CHALONS;Urbaine;NO2;Fond;Oui;mesures fixes;Moy. annuelle;9.0;9.25090500726647;µg-m3;86.0;100.0;86.0;R;1;48.962223;4.36
2020/01/01 00:00:00;2020/12/31 23:59:59;ATMO GRAND EST;FR44ZRE01;ZR GRAND-EST;FR14028;Rempart Perrier;Urbaine;NO2;Trafic;Oui;mesures fixes;Moy. annuelle;19.0;19.42651984400099;µg-m3;99.0;100.0;99.0;R;1;49.0461;3.955911
2020/01/01 00:00:00;2020/12/31 23:59:59;ATMO GRAND EST;FR44ZRE01;ZR GRAND-EST;FR14029;Capitainerie;Périurbaine;NO2;Fond;Oui;mesures fixes;Moy. annuelle;8.0;8.299805447470838;µg-m3;94.0;100.0;94.0;R;1;48.7266;4.594781
2020/01/01 00:00:00;2020/12/31 23:59:59;ATMO GRAND EST;FR44ZRE01;ZR GRAND-EST;FR14031;Troyes La Tour ;Urbaine;NO2;Fond;Oui;mesures fixes;Moy. annuelle;12.0;12.098161941374327;µg-m3;95.0;100.0;95.0;R;1;48.301666;4.076944
2020/01/01 00:00:00;2020/12/31 23:59:59;ATMO GRAND EST;FR44ZRE01;ZR GRAND-EST;FR14033;STE SAVINE;Urbaine;NO2;Fond;Oui;mesures fixes;Moy. annuelle;10.0;10.452700997820854;µg-m3;99.0;100.0;99.0;R;1;48.295002;4.050278
2020/01/01 00:00:00;2020/12/31 23:59:59;ATMO GRAND EST;FR44ZRE01;ZR GRAND-EST;FR14042;St DIZIER L. Michel;Urbaine;NO2;Fond;Oui;mesures fixes;Moy. annuelle;8.0;8.423357496260486;µg-m3;99.0;100.0;99.0;R;1;48.645836;4.966111
2020/01/01 00:00:00;2020/12/31 23:59:59;ATMO GRAND EST;FR44ZRE01;ZR GRAND-EST;FR14051;CHARLEVILLE;Urbaine;NO2;Fond;Oui;mesures fixes;Moy. annuelle;12.0;11.609960711809608;µg-m3;99.0;100.0;99.0;R;1;49.745277;4.719167
2020/01/01 00:00:00;2020/12/31 23:59:59;ATMO AUVERGNE-RHÔNE-ALPES;FR84ZAG02;ZAG GRENOBLE;FR15013;Champ sur Drac;Périurbaine;NO2;Fond;Oui;mesures indicatives;Moy. annuelle;13.0;12.631500401790845;µg-m3;;;;R;1;45.07954;5.728653
2020/01/01 00:00:00;2020/12/31 23:59:59;ATMO AUVERGNE-RHÔNE-ALPES;FR84ZAG02;ZAG GRENOBLE;FR15018;Voiron Urbain;Urbaine;NO2;Fond;Oui;mesures indicatives;Moy. annuelle;14.0;14.337550878009072;µg-m3;;;;R;1;45.360176;5.589419
2020/01/01 00:00:00;2020/12/31 23:59:59;ATMO AUVERGNE-RHÔNE-ALPES;FR84ZAG02;ZAG GRENOBLE;FR15038;St Martin d'Heres;Urbaine;NO2;Fond;Oui;mesures indicatives;Moy. annuelle;20.0;19.5126491646778;µg-m3;;;;R;1;45.1828;5.7531
2020/01/01 00:00:00;2020/12/31 23:59:59;ATMO AUVERGNE-RHÔNE-ALPES;FR84ZAG02;ZAG GRENOBLE;FR15039;Le Rondeau;Périurbaine;NO2;Trafic;Oui;mesures fixes;Moy. annuelle;30.0;29.736277415530566;µg-m3;98.0;98.0;96.0;R;1;45.158363;5.703764
2020/01/01 00:00:00;2020/12/31 23:59:59;ATMO AUVERGNE-RHÔNE-ALPES;FR84ZAG02;ZAG GRENOBLE;FR15043;Grenoble Les Frenes;Urbaine;NO2;Fond;Oui;mesures fixes;Moy. annuelle;16.0;16.332563985374748;µg-m3;100.0;100.0;100.0;R;1;45.1619;5.7356
2020/01/01 00:00:00;2020/12/31 23:59:59;ATMO AUVERGNE-RHÔNE-ALPES;FR84ZAG02;ZAG GRENOBLE;FR15045;Grenoble PeriurbSud;Périurbaine;NO2;Fond;Oui;mesures indicatives;Moy. annuelle;8.0;8.134448001897306;µg-m3;;;;R;1;45.0578;5.6767
2020/01/01 00:00:00;2020/12/31 23:59:59;ATMO AUVERGNE-RHÔNE-ALPES;FR84ZAG02;ZAG GRENOBLE;FR15046;Grenoble Boulevards;Urbaine;NO2;Trafic;Oui;mesures indicatives;Moy. annuelle;38.0;37.6093904827745;µg-m3;;;;R;1;45.18069;5.720625
2020/01/01 00:00:00;2020/12/31 23:59:59;ATMO AUVERGNE-RHÔNE-ALPES;FR84ZAG02;ZAG GRENOBLE;FR15048;Gresivaudan Periurb;Périurbaine;NO2;Fond;Oui;mesures indicatives;Moy. annuelle;13.0;12.729204350314838;µg-m3;;;;R;1;45.2797;5.8822
2020/01/01 00:00:00;2020/12/31 23:59:59;ATMO GRAND EST;FR44ZAG01;ZAG STRASBOURG;FR16001;Strasbourg Ouest;Périurbaine;NO2;Fond;Oui;mesures indicatives;Moy. annuelle;25.0;24.601240951396075;µg-m3;;;;N;-1;48.608818;7.708917
2020/01/01 00:00:00;2020/12/31 23:59:59;ATMO GRAND EST;FR44ZRE01;ZR GRAND-EST;FR16017;Nord-Est Alsace;Rurale régionale;NO2;Fond;Oui;mesures fixes;Moy. annuelle;12.0;12.029491643454035;µg-m3;98.0;100.0;98.0;R;1;48.919357;8.158458
2020/01/01 00:00:00;2020/12/31 23:59:59;ATMO GRAND EST;FR44ZAG01;ZAG STRASBOURG;FR16029;Strasbourg Nord;Urbaine;NO2;Fond;Oui;mesures fixes;Moy. annuelle;17.0;17.167653890824617;µg-m3;98.0;100.0;98.0;R;1;48.610363;7.781631
2020/01/01 00:00:00;2020/12/31 23:59:59;ATMO GRAND EST;FR44ZRE01;ZR GRAND-EST;FR16031;Vosges du Nord;Rurale régionale;NO2;Fond;Oui;mesures fixes;Moy. annuelle;9.0;9.499596774193538;µg-m3;98.0;11.0;11.0;N;-1;48.85731;7.314175
2020/01/01 00:00:00;2020/12/31 23:59:59;ATMO GRAND EST;FR44ZAG01;ZAG STRASBOURG;FR16034;Strasbourg Clemenceau;Urbaine;NO2;Trafic;Oui;mesures fixes;Moy. annuelle;32.0;31.910286443233304;µg-m3;98.0;100.0;98.0;R;1;48.59043;7.744983
2020/01/01 00:00:00;2020/12/31 23:59:59;ATMO GRAND EST;FR44ZAG01;ZAG STRASBOURG;FR16038;Strasbourg Est;Urbaine;NO2;Fond;Oui;mesures fixes;Moy. annuelle;19.0;18.8823577457119;µg-m3;98.0;43.0;42.0;N;-1;48.570374;7.766331
2020/01/01 00:00:00;2020/12/31 23:59:59;ATMO GRAND EST;FR44ZAG01;ZAG STRASBOURG;FR16040;Strasbourg A35;Urbaine;NO2;Trafic;Oui;mesures fixes;Moy. annuelle;34.0;33.7487861540248;µg-m3;98.0;100.0;98.0;R;1;48.575985;7.727478
2020/01/01 00:00:00;2020/12/31 23:59:59;ATMO GRAND EST;FR44ZRE01;ZR GRAND-EST;FR16054;Colmar Centre;Urbaine;NO2;Fond;Oui;mesures fixes;Moy. annuelle;20.0;19.81676910587965;µg-m3;98.0;100.0;98.0;R;1;48.0744444;7.3505555
2020/01/01 00:00:00;2020/12/31 23:59:59;ATMO GRAND EST;FR44ZRE01;ZR GRAND-EST;FR16057;Mulhouse Nord;Urbaine;NO2;Fond;Oui;mesures fixes;Moy. annuelle;19.0;18.75994381364858;µg-m3;97.0;100.0;97.0;R;1;47.757435;7.347294
2020/01/01 00:00:00;2020/12/31 23:59:59;ATMO GRAND EST;FR44ZRE01;ZR GRAND-EST;FR16059;Chalampé;Rurale près des villes;NO2;Industrielle;Oui;mesures fixes;Moy. annuelle;19.0;18.817600832081403;µg-m3;99.0;99.0;99.0;R;1;47.820248;7.538683
2020/01/01 00:00:00;2020/12/31 23:59:59;ATMO GRAND EST;FR44ZRE01;ZR GRAND-EST;FR16060;C.C.3 Frontières;Périurbaine;NO2;Fond;Oui;mesures fixes;Moy. annuelle;15.0;14.728484771894381;µg-m3;90.0;100.0;90.0;R;1;47.594913;7.568175
2020/01/01 00:00:00;2020/12/31 23:59:59;ATMO GRAND EST;FR44ZRE01;ZR GRAND-EST;FR16066;Mulhouse Sud 2;Urbaine;NO2;Fond;Oui;mesures fixes;Moy. annuelle;13.0;13.377719318311721;µg-m3;100.0;100.0;100.0;R;1;47.737415;7.309075
2020/01/01 00:00:00;2020/12/31 23:59:59;ATMO GRAND EST;FR44ZRE01;ZR GRAND-EST;FR16069;Mulhouse-Briand;Urbaine;NO2;Trafic;Oui;mesures fixes;Moy. annuelle;29.0;28.63663400576367;µg-m3;99.0;99.0;99.0;R;1;47.747684;7.321364
2020/01/01 00:00:00;2020/12/31 23:59:59;ATMO GRAND EST;FR44ZRE01;ZR GRAND-EST;FR16302;Donon Vosges Moyennes 2;Rurale nationale;NO2;Fond;Oui;mesures fixes;Moy. annuelle;3.0;2.840524274441621;µg-m3;98.0;87.0;85.0;R;1;48.492992;7.1298
2020/01/01 00:00:00;2020/12/31 23:59:59;ATMO HAUTS DE FRANCE;FR32ZAR03;ZAR CREIL;FR18019;Nogent sur Oise;Périurbaine;NO2;Fond;Oui;mesures fixes;Moy. annuelle;14.0;14.350524597808336;µg-m3;98.0;100.0;98.0;R;1;49.276386;2.482167
2020/01/01 00:00:00;2020/12/31 23:59:59;ATMO HAUTS DE FRANCE;FR32ZAR02;ZAR AMIENS;FR18035;Salouel;Périurbaine;NO2;Fond;Oui;mesures fixes;Moy. annuelle;9.0;9.069425537707591;µg-m3;85.0;99.0;84.0;N;-1;49.86889;2.239806
2020/01/01 00:00:00;2020/12/31 23:59:59;ATMO HAUTS DE FRANCE;FR32ZRE01;ZR HAUTS-DE-FRANCE;FR18042;P. Roth St Quentin;Urbaine;NO2;Fond;Oui;mesures fixes;Moy. annuelle;14.0;13.641795831106347;µg-m3;86.0;99.0;85.0;R;1;49.851334;3.284
2020/01/01 00:00:00;2020/12/31 23:59:59;ATMO HAUTS DE FRANCE;FR32ZAR03;ZAR CREIL;FR18043;Faiencerie Creil;Urbaine;NO2;Fond;Oui;mesures fixes;Moy. annuelle;16.0;15.645928136267514;µg-m3;92.0;100.0;92.0;R;1;49.259552;2.474397
2020/01/01 00:00:00;2020/12/31 23:59:59;ATMO HAUTS DE FRANCE;FR32ZAR02;ZAR AMIENS;FR18053;St Pierre Amiens;Urbaine;NO2;Fond;Oui;mesures fixes;Moy. annuelle;12.0;12.351673640167407;µg-m3;93.0;99.0;93.0;R;1;49.901667;2.304597
2020/01/01 00:00:00;2020/12/31 23:59:59;ATMO HAUTS DE FRANCE;FR32ZRE01;ZR HAUTS-DE-FRANCE;FR18089;Trafic Beauvais 1;Urbaine;NO2;Trafic;Oui;mesures fixes;Moy. annuelle;22.0;22.319368761802025;µg-m3;85.0;99.0;84.0;N;-1;49.435932;2.084292
2020/01/01 00:00:00;2020/12/31 23:59:59;AIR BREIZH;FR53ZAG01;ZAG RENNES;FR19002;Rennes Laennec;Urbaine;NO2;Trafic;Oui;mesures fixes;Moy. annuelle;16.0;16.28261225444343;µg-m3;97.0;100.0;97.0;R;1;48.10861;-1.66586
2020/01/01 00:00:00;2020/12/31 23:59:59;AIR BREIZH;FR53ZAG01;ZAG RENNES;FR19007;Rennes Les Halles;Urbaine;NO2;Trafic;Oui;mesures fixes;Moy. annuelle;21.0;20.79165186500888;µg-m3;97.0;99.0;96.0;R;1;48.10751;-1.67984
2020/01/01 00:00:00;2020/12/31 23:59:59;AIR BREIZH;FR53ZAG01;ZAG RENNES;FR19010;Rennes St-Yves;Urbaine;NO2;Fond;Oui;mesures fixes;Moy. annuelle;12.0;11.966364586964138;µg-m3;98.0;100.0;98.0;R;1;48.11078;-1.68293
2020/01/01 00:00:00;2020/12/31 23:59:59;AIR BREIZH;FR53ZAR01;ZAR BREST;FR19012;Brest Mace;Urbaine;NO2;Fond;Oui;mesures fixes;Moy. annuelle;9.0;8.952704111175464;µg-m3;98.0;100.0;98.0;R;1;48.38618;-4.4866
2020/01/01 00:00:00;2020/12/31 23:59:59;AIR BREIZH;FR53ZAR01;ZAR BREST;FR19014;Brest Desmoulins;Urbaine;NO2;Trafic;Oui;mesures fixes;Moy. annuelle;20.0;19.707489390985135;µg-m3;99.0;100.0;99.0;R;1;48.39746;-4.48871
2020/01/01 00:00:00;2020/12/31 23:59:59;AIR BREIZH;FR53ZRE01;ZR BRETAGNE;FR19020;Kergoff;Rurale nationale;NO2;Fond;Oui;mesures fixes;Moy. annuelle;4.0;3.8129257332071878;µg-m3;98.0;99.0;96.0;R;1;48.261963;-2.943631
2020/01/01 00:00:00;2020/12/31 23:59:59;AIR BREIZH;FR53ZRE01;ZR BRETAGNE;FR19021;Lorient CTM;Urbaine;NO2;Fond;Oui;mesures fixes;Moy. annuelle;8.0;7.631433570803716;µg-m3;99.0;92.0;91.0;R;1;47.75171;-3.37501
2020/01/01 00:00:00;2020/12/31 23:59:59;AIR BREIZH;FR53ZRE01;ZR BRETAGNE;FR19032;Lorient B. Bissonnet;Urbaine;NO2;Fond;Oui;mesures fixes;Moy. annuelle;7.0;7.3159008109061014;µg-m3;97.0;99.0;97.0;R;1;47.7425;-3.39501
2020/01/01 00:00:00;2020/12/31 23:59:59;AIR BREIZH;FR53ZRE01;ZR BRETAGNE;FR19033;Vannes UTA;Urbaine;NO2;Fond;Oui;mesures fixes;Moy. annuelle;8.0;7.512146129449164;µg-m3;97.0;100.0;97.0;R;1;47.64892;-2.76399
2020/01/01 00:00:00;2020/12/31 23:59:59;AIR BREIZH;FR53ZRE01;ZR BRETAGNE;FR19037;Lorient Normandie;Urbaine;NO2;Trafic;Oui;mesures fixes;Moy. annuelle;16.0;15.94143484626647;µg-m3;98.0;8.0;8.0;N;-1;47.758947;-3.36938
2020/01/01 00:00:00;2020/12/31 23:59:59;AIR BREIZH;FR53ZRE01;ZR BRETAGNE;FR19053;Quimper Zola;Urbaine;NO2;Fond;Oui;mesures fixes;Moy. annuelle;6.0;6.326532964499908;µg-m3;99.0;100.0;99.0;R;1;47.986606;-4.097658
2020/01/01 00:00:00;2020/12/31 23:59:59;AIR BREIZH;FR53ZRE01;ZR BRETAGNE;FR19061;Saint Brieuc Balzac;Urbaine;NO2;Fond;Oui;mesures fixes;Moy. annuelle;8.0;8.445870172173182;µg-m3;98.0;100.0;98.0;R;1;48.51351;-2.74953
2020/01/01 00:00:00;2020/12/31 23:59:59;AIR BREIZH;FR53ZRE01;ZR BRETAGNE;FR19082;StMalo Rocabey;Périurbaine;NO2;Fond;Oui;mesures fixes;Moy. annuelle;7.0;7.124056158565358;µg-m3;97.0;99.0;96.0;R;1;48.65306;-2.00268
2020/01/01 00:00:00;2020/12/31 23:59:59;ATMO AUVERGNE-RHÔNE-ALPES;FR84ZAG01;ZAG LYON;FR20013;A7 SUD LYONNAIS;Périurbaine;NO2;Trafic;Oui;mesures fixes;Moy. annuelle;41.0;40.64642324032592;µg-m3;99.0;100.0;99.0;R;1;45.720024;4.818156
2020/01/01 00:00:00;2020/12/31 23:59:59;ATMO AUVERGNE-RHÔNE-ALPES;FR84ZAG01;ZAG LYON;FR20017;GERLAND;Urbaine;NO2;Fond;Oui;mesures indicatives;Moy. annuelle;23.0;22.89398583536516;µg-m3;;;;R;1;45.73529;4.829794
2020/01/01 00:00:00;2020/12/31 23:59:59;ATMO AUVERGNE-RHÔNE-ALPES;FR84ZAG01;ZAG LYON;FR20019;GRANDCLEMENT;Urbaine;NO2;Trafic;Oui;mesures indicatives;Moy. annuelle;31.0;30.56794371526548;µg-m3;;;;R;1;45.75836;4.886214
2020/01/01 00:00:00;2020/12/31 23:59:59;ATMO AUVERGNE-RHÔNE-ALPES;FR84ZAG01;ZAG LYON;FR20031;ST FONS CENTRE;Périurbaine;NO2;Industrielle;Oui;mesures indicatives;Moy. annuelle;22.0;22.142845107714532;µg-m3;;;;R;1;45.7078;4.8644
2020/01/01 00:00:00;2020/12/31 23:59:59;ATMO AUVERGNE-RHÔNE-ALPES;FR84ZAG01;ZAG LYON;FR20037;TERNAY;Périurbaine;NO2;Fond;Oui;mesures indicatives;Moy. annuelle;15.0;15.034847080630222;µg-m3;;;;R;1;45.6019;4.8022
2020/01/01 00:00:00;2020/12/31 23:59:59;ATMO AUVERGNE-RHÔNE-ALPES;FR84ZAG01;ZAG LYON;FR20046;VAULX EN VELIN;Urbaine;NO2;Fond;Oui;mesures indicatives;Moy. annuelle;18.0;18.37451181911612;µg-m3;;;;R;1;45.7789;4.9247
2020/01/01 00:00:00;2020/12/31 23:59:59;ATMO AUVERGNE-RHÔNE-ALPES;FR84ZAG01;ZAG LYON;FR20047;COTIERE AIN;Périurbaine;NO2;Fond;Oui;mesures indicatives;Moy. annuelle;14.0;13.575970762905444;µg-m3;;;;R;1;45.823223;4.953958
2020/01/01 00:00:00;2020/12/31 23:59:59;ATMO AUVERGNE-RHÔNE-ALPES;FR84ZAG01;ZAG LYON;FR20048;SAINT EXUPERY;Périurbaine;NO2;Fond;Oui;mesures fixes;Moy. annuelle;10.0;9.548455754771567;µg-m3;99.0;99.0;98.0;R;1;45.7533;5.0722
2020/01/01 00:00:00;2020/12/31 23:59:59;ATMO AUVERGNE-RHÔNE-ALPES;FR84ZAG01;ZAG LYON;FR20062;LYON Centre;Urbaine;NO2;Fond;Oui;mesures fixes;Moy. annuelle;21.0;21.327208237986298;µg-m3;99.0;100.0;99.0;R;1;45.757732;4.854214
2020/01/01 00:00:00;2020/12/31 23:59:59;ATMO AUVERGNE-RHÔNE-ALPES;FR84ZAG01;ZAG LYON;FR20069;Lyon Périphérique;Urbaine;NO2;Trafic;Oui;mesures fixes;Moy. annuelle;49.0;48.535959411697775;µg-m3;100.0;100.0;100.0;R;1;45.77482;4.898572
2020/01/01 00:00:00;2020/12/31 23:59:59;ATMO AUVERGNE-RHÔNE-ALPES;FR84ZAG01;ZAG LYON;FR20070;LYON TRAFIC JAURES;Urbaine;NO2;Trafic;Oui;mesures fixes;Moy. annuelle;31.0;30.53596195521311;µg-m3;95.0;100.0;95.0;R;1;45.7496944;4.84438888888888
2020/01/01 00:00:00;2020/12/31 23:59:59;ATMO AUVERGNE-RHÔNE-ALPES;FR84ZAG01;ZAG LYON;FR20077;Villefranche Centre ;Urbaine;NO2;Fond;Oui;mesures fixes;Moy. annuelle;18.0;17.557651489215974;µg-m3;100.0;100.0;100.0;R;1;45.990112;4.715566
2020/01/01 00:00:00;2020/12/31 23:59:59;ATMO NORMANDIE;FR28ZAR02;ZAR CAEN;FR21001;Caen Chemin-Vert;Urbaine;NO2;Fond;Oui;mesures fixes;Moy. annuelle;11.0;10.88780599405169;µg-m3;100.0;100.0;100.0;R;1;49.19222;-0.391111
2020/01/01 00:00:00;2020/12/31 23:59:59;ATMO NORMANDIE;FR28ZAR02;ZAR CAEN;FR21016;Caen Vaucelles;Urbaine;NO2;Trafic;Oui;mesures fixes;Moy. annuelle;19.0;19.038906340895796;µg-m3;98.0;99.0;98.0;R;1;49.17508;-0.353563
2020/01/01 00:00:00;2020/12/31 23:59:59;ATMO NORMANDIE;FR28ZAR02;ZAR CAEN;FR21019;IFS Caen sud;Urbaine;NO2;Fond;Oui;mesures fixes;Moy. annuelle;9.0;9.327879341864676;µg-m3;100.0;100.0;100.0;R;1;49.15167;-0.352778
2020/01/01 00:00:00;2020/12/31 23:59:59;ATMO NORMANDIE;FR28ZRE01;ZR NORMANDIE;FR21021;Lisieux;Urbaine;NO2;Fond;Oui;mesures fixes;Moy. annuelle;9.0;9.229863937667204;µg-m3;98.0;100.0;98.0;R;1;49.147224;0.227222
2020/01/01 00:00:00;2020/12/31 23:59:59;ATMO NORMANDIE;FR28ZRE01;ZR NORMANDIE;FR21031;Alençon Météo-France;Périurbaine;NO2;Fond;Oui;mesures fixes;Moy. annuelle;8.0;8.285073018913142;µg-m3;95.0;100.0;95.0;R;1;48.445553;0.110833
2020/01/01 00:00:00;2020/12/31 23:59:59;ATMO NORMANDIE;FR28ZRE01;ZR NORMANDIE;FR21035;cherbourg doumer;Urbaine;NO2;Fond;Oui;mesures fixes;Moy. annuelle;10.0;9.896168890934131;µg-m3;99.0;100.0;99.0;R;1;49.63639;-1.626667
2020/01/01 00:00:00;2020/12/31 23:59:59;ATMO NORMANDIE;FR28ZRE01;ZR NORMANDIE;FR21040;Saint-Lô Eglise;Urbaine;NO2;Fond;Oui;mesures fixes;Moy. annuelle;8.0;8.44565443814372;µg-m3;98.0;100.0;98.0;R;1;49.11639;-1.084722
2020/01/01 00:00:00;2020/12/31 23:59:59;ATMO NORMANDIE;FR28ZRE01;ZR NORMANDIE;FR21060;Moult proximité;Urbaine;NO2;Trafic;Oui;mesures fixes;Moy. annuelle;9.0;9.113368372943318;µg-m3;100.0;100.0;100.0;R;1;49.117196;-0.169666
2020/01/01 00:00:00;2020/12/31 23:59:59;ATMO GRAND EST;FR44ZRE01;ZR GRAND-EST;FR22009;Ecole de Carling(9);Périurbaine;NO2;Industrielle;Oui;mesures indicatives;Moy. annuelle;12.0;12.224414403915624;µg-m3;;;;R;1;49.165726;6.716886
2020/01/01 00:00:00;2020/12/31 23:59:59;ATMO GRAND EST;FR44ZRE01;ZR GRAND-EST;FR22011;L Hôpital - Mairie;Périurbaine;NO2;Industrielle;Oui;mesures indicatives;Moy. annuelle;10.0;10.385636453689933;µg-m3;;;;N;-1;49.158413;6.731664
2020/01/01 00:00:00;2020/12/31 23:59:59;ATMO GRAND EST;FR44ZRE01;ZR GRAND-EST;FR22014;Spicheren(14);Périurbaine;NO2;Fond;Oui;mesures indicatives;Moy. annuelle;9.0;9.42638267827725;µg-m3;;;;R;1;49.19539;6.957444
2020/01/01 00:00:00;2020/12/31 23:59:59;ATMO GRAND EST;FR44ZRE01;ZR GRAND-EST;FR22019;SCHOENECK (19);Périurbaine;NO2;Fond;Oui;mesures fixes;Moy. annuelle;14.0;14.465239551478081;µg-m3;97.0;11.0;11.0;N;-1;49.220364;6.925833
2020/01/01 00:00:00;2020/12/31 23:59:59;ATMO GRAND EST;FR44ZRE01;ZR GRAND-EST;FR22054;Station de FORBACH;Urbaine;NO2;Fond;Oui;mesures fixes;Moy. annuelle;14.0;14.038017391304347;µg-m3;98.0;100.0;98.0;R;1;49.18742;6.910867
2020/01/01 00:00:00;2020/12/31 23:59:59;AIR PAYS DE LA LOIRE;FR52ZAG01;ZAG NANTES-SAINT-NAZAIRE;FR23001;AMPERE;Périurbaine;NO2;Industrielle;Oui;mesures fixes;Moy. annuelle;7.0;6.502203196347014;µg-m3;100.0;100.0;100.0;R;1;47.324097;-2.081567
2020/01/01 00:00:00;2020/12/31 23:59:59;AIR PAYS DE LA LOIRE;FR52ZAG01;ZAG NANTES-SAINT-NAZAIRE;FR23003;LA MEGRETAIS;Périurbaine;NO2;Industrielle;Oui;mesures fixes;Moy. annuelle;7.0;6.795678518349156;µg-m3;100.0;100.0;100.0;R;1;47.322706;-2.039244
2020/01/01 00:00:00;2020/12/31 23:59:59;AIR PAYS DE LA LOIRE;FR52ZRE01;ZR PAYS-DE-LA-LOIRE;FR23068;FROSSAY;Rurale près des villes;NO2;Industrielle;Oui;mesures fixes;Moy. annuelle;4.0;4.297084481175383;µg-m3;99.0;100.0;99.0;R;1;47.24747;-1.936619
2020/01/01 00:00:00;2020/12/31 23:59:59;AIR PAYS DE LA LOIRE;FR52ZAG01;ZAG NANTES-SAINT-NAZAIRE;FR23070;S ETIENNE DE MONTLUC;Périurbaine;NO2;Industrielle;Oui;mesures fixes;Moy. annuelle;4.0;3.5427915518824653;µg-m3;99.0;100.0;99.0;R;1;47.28318;-1.783164
2020/01/01 00:00:00;2020/12/31 23:59:59;AIR PAYS DE LA LOIRE;FR52ZAG01;ZAG NANTES-SAINT-NAZAIRE;FR23075;JULES VERNE;Périurbaine;NO2;Industrielle;Oui;mesures fixes;Moy. annuelle;8.0;8.387398420510447;µg-m3;99.0;100.0;99.0;R;1;47.315727;-2.190764
2020/01/01 00:00:00;2020/12/31 23:59:59;AIR PAYS DE LA LOIRE;FR52ZRE01;ZR PAYS-DE-LA-LOIRE;FR23078;SAINT EXUPERY;Urbaine;NO2;Fond;Oui;mesures fixes;Moy. annuelle;8.0;7.7494805343075805;µg-m3;100.0;100.0;100.0;R;1;47.054443;-0.886111
2020/01/01 00:00:00;2020/12/31 23:59:59;AIR PAYS DE LA LOIRE;FR52ZAG01;ZAG NANTES-SAINT-NAZAIRE;FR23107;LA CHAUVINIERE;Urbaine;NO2;Fond;Oui;mesures fixes;Moy. annuelle;11.0;10.668671248568156;µg-m3;99.0;100.0;99.0;R;1;47.252777;-1.573333
2020/01/01 00:00:00;2020/12/31 23:59:59;AIR PAYS DE LA LOIRE;FR52ZAG01;ZAG NANTES-SAINT-NAZAIRE;FR23110;LEON BLUM;Urbaine;NO2;Fond;Oui;mesures fixes;Moy. annuelle;7.0;7.224320310715082;µg-m3;100.0;100.0;100.0;R;1;47.26412;-2.249858
2020/01/01 00:00:00;2020/12/31 23:59:59;AIR PAYS DE LA LOIRE;FR52ZAR01;ZAR ANGERS-LOIRE;FR23120;BEAUX ARTS;Urbaine;NO2;Fond;Oui;mesures fixes;Moy. annuelle;10.0;10.377069990850876;µg-m3;100.0;100.0;100.0;R;1;47.468513;-0.556053
2020/01/01 00:00:00;2020/12/31 23:59:59;AIR PAYS DE LA LOIRE;FR52ZAR03;ZAR LAVAL;FR23123;MAZAGRAN;Urbaine;NO2;Fond;Oui;mesures fixes;Moy. annuelle;9.0;9.332830361225415;µg-m3;100.0;100.0;100.0;R;1;48.06943;-0.767692
2020/01/01 00:00:00;2020/12/31 23:59:59;AIR PAYS DE LA LOIRE;FR52ZRE01;ZR PAYS-DE-LA-LOIRE;FR23124;LA TARDIERE;Rurale nationale;NO2;Fond;Oui;mesures fixes;Moy. annuelle;4.0;3.840777142857145;µg-m3;100.0;100.0;100.0;R;1;46.656685;-0.743681
2020/01/01 00:00:00;2020/12/31 23:59:59;AIR PAYS DE LA LOIRE;FR52ZAG01;ZAG NANTES-SAINT-NAZAIRE;FR23140;VICTOR HUGO;Urbaine;NO2;Trafic;Oui;mesures fixes;Moy. annuelle;23.0;23.206438372229375;µg-m3;97.0;100.0;97.0;R;1;47.204356;-1.552914
2020/01/01 00:00:00;2020/12/31 23:59:59;AIR PAYS DE LA LOIRE;FR52ZAR01;ZAR ANGERS-LOIRE;FR23150;APPENTIS;Urbaine;NO2;Fond;Oui;mesures fixes;Moy. annuelle;9.0;8.618731888257768;µg-m3;98.0;100.0;98.0;R;1;47.44739;-0.550067
2020/01/01 00:00:00;2020/12/31 23:59:59;AIR PAYS DE LA LOIRE;FR52ZRE01;ZR PAYS-DE-LA-LOIRE;FR23152;DELACROIX;Urbaine;NO2;Fond;Oui;mesures fixes;Moy. annuelle;7.0;7.157735719986315;µg-m3;100.0;100.0;100.0;R;1;46.6607;-1.436831
2020/01/01 00:00:00;2020/12/31 23:59:59;AIR PAYS DE LA LOIRE;FR52ZAG01;ZAG NANTES-SAINT-NAZAIRE;FR23153;BONNE FONTAINE;Périurbaine;NO2;Industrielle;Oui;mesures fixes;Moy. annuelle;6.0;5.819030192131742;µg-m3;100.0;100.0;100.0;R;1;47.331524;-2.151625
2020/01/01 00:00:00;2020/12/31 23:59:59;AIR PAYS DE LA LOIRE;FR52ZAR02;ZAR LE-MANS;FR23174;GUEDOU;Urbaine;NO2;Fond;Oui;mesures fixes;Moy. annuelle;10.0;10.156139949691253;µg-m3;100.0;100.0;100.0;R;1;47.98892;0.195983
2020/01/01 00:00:00;2020/12/31 23:59:59;AIR PAYS DE LA LOIRE;FR52ZRE01;ZR PAYS-DE-LA-LOIRE;FR23177;SAINT-DENIS D'ANJOU;Rurale régionale;NO2;Fond;Oui;mesures fixes;Moy. annuelle;5.0;4.640884047082385;µg-m3;93.0;98.0;91.0;R;1;47.78773;-0.444044
2020/01/01 00:00:00;2020/12/31 23:59:59;AIR PAYS DE LA LOIRE;FR52ZAG01;ZAG NANTES-SAINT-NAZAIRE;FR23181;PARC PAYSAGER;Urbaine;NO2;Fond;Oui;mesures fixes;Moy. annuelle;8.0;7.579552715654992;µg-m3;100.0;100.0;100.0;R;1;47.273056;-2.223056
2020/01/01 00:00:00;2020/12/31 23:59:59;AIR PAYS DE LA LOIRE;FR52ZAR02;ZAR LE-MANS;FR23182;SOURCES;Urbaine;NO2;Fond;Oui;mesures fixes;Moy. annuelle;9.0;8.767837930639805;µg-m3;99.0;100.0;99.0;R;1;47.971066;0.221422
2020/01/01 00:00:00;2020/12/31 23:59:59;AIR PAYS DE LA LOIRE;FR52ZAG01;ZAG NANTES-SAINT-NAZAIRE;FR23188;CIM BOUTEILLERIE;Urbaine;NO2;Fond;Oui;mesures fixes;Moy. annuelle;11.0;11.012945437551148;µg-m3;97.0;100.0;97.0;R;1;47.2225;-1.5375
2020/01/01 00:00:00;2020/12/31 23:59:59;AIR PAYS DE LA LOIRE;FR52ZAG01;ZAG NANTES-SAINT-NAZAIRE;FR23238;LEVOYER;Urbaine;NO2;Industrielle;Oui;mesures fixes;Moy. annuelle;12.0;11.505979570756345;µg-m3;99.0;100.0;99.0;R;1;47.1941472;-1.581677778
2020/01/01 00:00:00;2020/12/31 23:59:59;AIR PAYS DE LA LOIRE;FR52ZAG01;ZAG NANTES-SAINT-NAZAIRE;FR23239;LES COUETS;Urbaine;NO2;Industrielle;Oui;mesures fixes;Moy. annuelle;11.0;11.29215246636774;µg-m3;96.0;100.0;96.0;R;1;47.1859194;-1.59149722222222
2020/01/01 00:00:00;2020/12/31 23:59:59;ATMO SUD;FR93ZAG02;ZAG NICE;FR24007;ANTIBES JEAN MOULIN;Périurbaine;NO2;Fond;Oui;mesures fixes;Moy. annuelle;23.0;22.508382040382543;µg-m3;93.0;92.0;86.0;R;1;43.598803;7.093153
2020/01/01 00:00:00;2020/12/31 23:59:59;ATMO SUD;FR93ZAG02;ZAG NICE;FR24009;CANNES BROUSSAILLES;Urbaine;NO2;Fond;Oui;mesures fixes;Moy. annuelle;16.0;15.85980767002662;µg-m3;98.0;100.0;98.0;R;1;43.558389;7.005919
2020/01/01 00:00:00;2020/12/31 23:59:59;ATMO SUD;FR93ZRE01;ZR PROVENCE-ALPES-COTE D’AZUR;FR24018;MANOSQUE;Urbaine;NO2;Fond;Oui;mesures fixes;Moy. annuelle;9.0;8.63170458784033;µg-m3;99.0;92.0;92.0;R;1;43.835784;5.786131
2020/01/01 00:00:00;2020/12/31 23:59:59;ATMO SUD;FR93ZAG02;ZAG NICE;FR24023;CONTES 2;Périurbaine;NO2;Fond;Oui;mesures fixes;Moy. annuelle;12.0;12.42878770501201;µg-m3;99.0;100.0;99.0;R;1;43.788748;7.332382
2020/01/01 00:00:00;2020/12/31 23:59:59;ATMO SUD;FR93ZRE01;ZR PROVENCE-ALPES-COTE D’AZUR;FR24033;GAP COMMANDERIE;Urbaine;NO2;Fond;Oui;mesures fixes;Moy. annuelle;17.0;17.302116216532216;µg-m3;98.0;100.0;97.0;R;1;44.555193;6.073015
2020/01/01 00:00:00;2020/12/31 23:59:59;ATMO SUD;FR93ZAG02;ZAG NICE;FR24035;NICE PROMENADE;Urbaine;NO2;Trafic;Oui;mesures fixes;Moy. annuelle;28.0;27.87914506279523;µg-m3;99.0;100.0;99.0;R;1;43.689291;7.242074
2020/01/01 00:00:00;2020/12/31 23:59:59;ATMO SUD;FR93ZAG02;ZAG NICE;FR24036;NICE ARSON;Urbaine;NO2;Fond;Oui;mesures fixes;Moy. annuelle;24.0;24.277246675836714;µg-m3;99.0;100.0;99.0;R;1;43.702075;7.286256
2020/01/01 00:00:00;2020/12/31 23:59:59;ATMO SUD;FR93ZRE01;ZR PROVENCE-ALPES-COTE D’AZUR;FR24038;GAP JEAN JAURES;Urbaine;NO2;Trafic;Oui;mesures fixes;Moy. annuelle;22.0;22.264755912850962;µg-m3;98.0;100.0;98.0;R;1;44.548647;6.067237
2020/01/01 00:00:00;2020/12/31 23:59:59;ATMO NORMANDIE;FR28ZAG01;ZAG ROUEN;FR25036;Espace du Palais;Urbaine;NO2;Fond;Oui;mesures fixes;Moy. annuelle;17.0;17.058338257889158;µg-m3;97.0;100.0;96.0;R;1;49.442358;1.093789
2020/01/01 00:00:00;2020/12/31 23:59:59;ATMO NORMANDIE;FR28ZRE01;ZR NORMANDIE;FR25039;Evreux Centre;Urbaine;NO2;Fond;Oui;mesures fixes;Moy. annuelle;10.0;10.424862951119211;µg-m3;100.0;100.0;100.0;R;1;49.02134;1.148319
2020/01/01 00:00:00;2020/12/31 23:59:59;ATMO NORMANDIE;FR28ZAG01;ZAG ROUEN;FR25043;Centre Hospitalier;Urbaine;NO2;Fond;Oui;mesures fixes;Moy. annuelle;12.0;12.150459770114992;µg-m3;99.0;100.0;99.0;R;1;49.4005;1.099042
2020/01/01 00:00:00;2020/12/31 23:59:59;ATMO NORMANDIE;FR28ZAG01;ZAG ROUEN;FR25048;Petit Quevilly;Urbaine;NO2;Fond;Oui;mesures fixes;Moy. annuelle;16.0;16.234716283369895;µg-m3;99.0;100.0;99.0;R;1;49.42815;1.058025
2020/01/01 00:00:00;2020/12/31 23:59:59;ATMO NORMANDIE;FR28ZAR03;ZAR DIEPPE;FR25051;Dieppe prox-auto;Urbaine;NO2;Trafic;Oui;mesures fixes;Moy. annuelle;25.0;25.457978474496965;µg-m3;97.0;100.0;97.0;R;1;49.918007;1.073972
2020/01/01 00:00:00;2020/12/31 23:59:59;ATMO NORMANDIE;FR28ZAG01;ZAG ROUEN;FR25053;Rouen Proxi Quai de Paris;Urbaine;NO2;Trafic;Oui;mesures fixes;Moy. annuelle;30.0;29.68311718122359;µg-m3;99.0;100.0;99.0;R;1;49.436699;1.098838
2020/01/01 00:00:00;2020/12/31 23:59:59;ATMO NORMANDIE;FR28ZAG01;ZAG ROUEN;FR25054;Petit-Quevilly Sud 3;Urbaine;NO2;Trafic;Oui;mesures fixes;Moy. annuelle;37.0;37.12409418219224;µg-m3;100.0;100.0;100.0;R;1;49.4341639;1.067052778
2020/01/01 00:00:00;2020/12/31 23:59:59;ATMO BOURGOGNE-FRANCHE-COMTE;FR27ZAR02;ZAR DIJON;FR26005;Dijon Péjoces;Périurbaine;NO2;Fond;Oui;mesures fixes;Moy. annuelle;11.0;11.499493437715893;µg-m3;99.0;100.0;99.0;R;1;47.307368;5.065881
2020/01/01 00:00:00;2020/12/31 23:59:59;ATMO BOURGOGNE-FRANCHE-COMTE;FR27ZRE01;ZR BOURGOGNE-FRANCHE-COMTE;FR26012;Morvan;Rurale nationale;NO2;Fond;Oui;mesures fixes;Moy. annuelle;2.0;1.9408341974881924;µg-m3;99.0;100.0;99.0;R;1;47.274762;4.099476
2020/01/01 00:00:00;2020/12/31 23:59:59;ATMO BOURGOGNE-FRANCHE-COMTE;FR27ZAR02;ZAR DIJON;FR26014;Dijon Trémouille;Urbaine;NO2;Fond;Oui;mesures fixes;Moy. annuelle;17.0;16.718516807208086;µg-m3;99.0;100.0;99.0;R;1;47.325744;5.041056
2020/01/01 00:00:00;2020/12/31 23:59:59;ATMO BOURGOGNE-FRANCHE-COMTE;FR27ZRE01;ZR BOURGOGNE-FRANCHE-COMTE;FR26016;Sens;Urbaine;NO2;Fond;Oui;mesures fixes;Moy. annuelle;9.0;8.628463414634155;µg-m3;94.0;99.0;93.0;R;1;48.200436;3.2773
2020/01/01 00:00:00;2020/12/31 23:59:59;ATMO BOURGOGNE-FRANCHE-COMTE;FR27ZRE01;ZR BOURGOGNE-FRANCHE-COMTE;FR26017;Nevers;Urbaine;NO2;Fond;Oui;mesures fixes;Moy. annuelle;8.0;7.802322388742683;µg-m3;100.0;100.0;100.0;R;1;46.996828;3.171092
2020/01/01 00:00:00;2020/12/31 23:59:59;ATMO BOURGOGNE-FRANCHE-COMTE;FR27ZRE01;ZR BOURGOGNE-FRANCHE-COMTE;FR26035;Nuits-Saint-Georges;Périurbaine;NO2;Trafic;Oui;mesures fixes;Moy. annuelle;16.0;15.535841924398632;µg-m3;99.0;100.0;99.0;R;1;47.137231;4.950573
2020/01/01 00:00:00;2020/12/31 23:59:59;ATMO BOURGOGNE-FRANCHE-COMTE;FR27ZAR02;ZAR DIJON;FR26043;Dijon-Transvaal;Urbaine;NO2;Trafic;Oui;mesures fixes;Moy. annuelle;16.0;16.086969304951168;µg-m3;97.0;100.0;97.0;R;1;47.315459;5.040202
2020/01/01 00:00:00;2020/12/31 23:59:59;ATMO AUVERGNE-RHÔNE-ALPES;FR84ZAR02;ZAR VALLEE-DU-RHONE;FR27002;ROUSSILLON;Urbaine;NO2;Fond;Oui;mesures indicatives;Moy. annuelle;19.0;18.89886415787059;µg-m3;;;;R;1;45.36782;4.805147
2020/01/01 00:00:00;2020/12/31 23:59:59;ATMO AUVERGNE-RHÔNE-ALPES;FR84ZRE01;ZR AUVERGNE-RHONE-ALPES;FR27003;ROCHES DE CONDRIEU;Périurbaine;NO2;Fond;Oui;mesures indicatives;Moy. annuelle;12.0;12.174834744288525;µg-m3;;;;R;1;45.454517;4.766528
2020/01/01 00:00:00;2020/12/31 23:59:59;ATMO AUVERGNE-RHÔNE-ALPES;FR84ZAR02;ZAR VALLEE-DU-RHONE;FR27005;Sablons;Périurbaine;NO2;Fond;Oui;mesures indicatives;Moy. annuelle;9.0;9.47105083200364;µg-m3;;;;R;1;45.321845;4.770702
2020/01/01 00:00:00;2020/12/31 23:59:59;ATMO AUVERGNE-RHÔNE-ALPES;FR84ZAG01;ZAG LYON;FR27007;Bourgoin-Jallieu;Urbaine;NO2;Fond;Oui;mesures indicatives;Moy. annuelle;10.0;10.217350233169942;µg-m3;;;;R;1;45.60822;5.270872
2020/01/01 00:00:00;2020/12/31 23:59:59;ATMO AUVERGNE-RHÔNE-ALPES;FR84ZRE01;ZR AUVERGNE-RHONE-ALPES;FR27010;Plateau de Bonnevaux;Rurale près des villes;NO2;Fond;Oui;mesures fixes;Moy. annuelle;4.0;4.336931279620863;µg-m3;96.0;100.0;96.0;R;1;45.4609;5.181081
2020/01/01 00:00:00;2020/12/31 23:59:59;ATMO AUVERGNE-RHÔNE-ALPES;FR84ZAR02;ZAR VALLEE-DU-RHONE;FR27011;A7 Salaise Ouest;Périurbaine;NO2;Trafic;Oui;mesures indicatives;Moy. annuelle;37.0;37.28433568048024;µg-m3;;;;R;1;45.344078;4.807481
2020/01/01 00:00:00;2020/12/31 23:59:59;ATMO HAUTS DE FRANCE;FR32ZAG01;ZAG BLDV;FR28010;Harnes Serres;Périurbaine;NO2;Fond;Oui;mesures fixes;Moy. annuelle;12.0;11.956120570639673;µg-m3;99.0;100.0;99.0;R;1;50.44914;2.9
2020/01/01 00:00:00;2020/12/31 23:59:59;ATMO HAUTS DE FRANCE;FR32ZAR04;ZAR ARRAS;FR28022;St-Laurent-Blangy;Périurbaine;NO2;Fond;Oui;mesures fixes;Moy. annuelle;12.0;11.807640344747258;µg-m3;98.0;100.0;98.0;R;1;50.30886;2.807369
2020/01/01 00:00:00;2020/12/31 23:59:59;ATMO HAUTS DE FRANCE;FR32ZAG01;ZAG BLDV;FR28028;Bethune Stade;Urbaine;NO2;Fond;Oui;mesures fixes;Moy. annuelle;11.0;10.74559905100833;µg-m3;96.0;100.0;96.0;R;1;50.535385;2.635692
2020/01/01 00:00:00;2020/12/31 23:59:59;ATMO HAUTS DE FRANCE;FR32ZAG01;ZAG BLDV;FR28033;Noeux-les-Mines;Périurbaine;NO2;Fond;Oui;mesures fixes;Moy. annuelle;8.0;8.404839841010045;µg-m3;97.0;100.0;97.0;R;1;50.48972;2.66642
2020/01/01 00:00:00;2020/12/31 23:59:59;ATMO AUVERGNE-RHÔNE-ALPES;FR84ZRE01;ZR AUVERGNE-RHONE-ALPES;FR29423;ROANNE;Urbaine;NO2;Fond;Oui;mesures indicatives;Moy. annuelle;14.0;14.118807705459922;µg-m3;;;;R;1;46.04111;4.074656
2020/01/01 00:00:00;2020/12/31 23:59:59;ATMO AUVERGNE-RHÔNE-ALPES;FR84ZAG03;ZAG SAINT-ETIENNE;FR29424;SAINT ETIENNE SUD;Urbaine;NO2;Fond;Oui;mesures fixes;Moy. annuelle;15.0;14.718034655722782;µg-m3;100.0;100.0;100.0;R;1;45.42009;4.395422
2020/01/01 00:00:00;2020/12/31 23:59:59;ATMO AUVERGNE-RHÔNE-ALPES;FR84ZAG03;ZAG SAINT-ETIENNE;FR29426;SAINT-CHAMOND;Urbaine;NO2;Fond;Oui;mesures indicatives;Moy. annuelle;21.0;21.305976277372263;µg-m3;;;;R;1;45.475327;4.515003
2020/01/01 00:00:00;2020/12/31 23:59:59;ATMO AUVERGNE-RHÔNE-ALPES;FR84ZAG03;ZAG SAINT-ETIENNE;FR29429;RIVE DE GIER;Périurbaine;NO2;Trafic;Oui;mesures fixes;Moy. annuelle;28.0;27.532908606509935;µg-m3;99.0;99.0;98.0;R;1;45.533424;4.623939
2020/01/01 00:00:00;2020/12/31 23:59:59;ATMO AUVERGNE-RHÔNE-ALPES;FR84ZAG03;ZAG SAINT-ETIENNE;FR29439;LA TALAUDIERE;Périurbaine;NO2;Fond;Oui;mesures fixes;Moy. annuelle;12.0;12.373694412770813;µg-m3;100.0;100.0;100.0;R;1;45.481777;4.429667
2020/01/01 00:00:00;2020/12/31 23:59:59;ATMO AUVERGNE-RHÔNE-ALPES;FR84ZAG03;ZAG SAINT-ETIENNE;FR29441;ST ETIENNE BD URBAIN ;Urbaine;NO2;Trafic;Oui;mesures indicatives;Moy. annuelle;29.0;29.26288060212109;µg-m3;;;;R;1;45.4479806;4.388763889
2020/01/01 00:00:00;2020/12/31 23:59:59;ATMO GRAND EST;FR44ZAG03;ZAG NANCY;FR30016;Hotel Districal;Urbaine;NO2;Trafic;Oui;mesures fixes;Moy. annuelle;20.0;19.50949144598069;µg-m3;97.0;100.0;97.0;R;1;48.685856;6.175111
2020/01/01 00:00:00;2020/12/31 23:59:59;ATMO GRAND EST;FR44ZRE01;ZR GRAND-EST;FR30018;Remiremont;Urbaine;NO2;Trafic;Oui;mesures fixes;Moy. annuelle;11.0;11.254643602012036;µg-m3;93.0;100.0;93.0;R;1;48.024605;6.585836
2020/01/01 00:00:00;2020/12/31 23:59:59;ATMO GRAND EST;FR44ZRE01;ZR GRAND-EST;FR30019;Epinal;Urbaine;NO2;Fond;Oui;mesures fixes;Moy. annuelle;9.0;8.868188614146051;µg-m3;99.0;100.0;99.0;R;1;48.1726528;6.45281666
2020/01/01 00:00:00;2020/12/31 23:59:59;ATMO GRAND EST;FR44ZRE01;ZR GRAND-EST;FR30020;Bar Le Duc;Urbaine;NO2;Fond;Oui;mesures fixes;Moy. annuelle;13.0;13.079395604395655;µg-m3;70.0;94.0;66.0;N;-1;48.77586;5.162789
2020/01/01 00:00:00;2020/12/31 23:59:59;ATMO GRAND EST;FR44ZAG03;ZAG NANCY;FR30021;Fléville;Périurbaine;NO2;Fond;Oui;mesures indicatives;Moy. annuelle;14.0;13.873970717056679;µg-m3;;;;R;1;48.621502;6.194922
2020/01/01 00:00:00;2020/12/31 23:59:59;ATMO GRAND EST;FR44ZAG03;ZAG NANCY;FR30023;St-Nicolas;Rurale près des villes;NO2;Industrielle;Oui;mesures indicatives;Moy. annuelle;13.0;13.191365853658533;µg-m3;;;;N;-1;48.63334;6.304828
2020/01/01 00:00:00;2020/12/31 23:59:59;ATMO GRAND EST;FR44ZRE01;ZR GRAND-EST;FR30026;Luneville;Urbaine;NO2;Trafic;Oui;mesures fixes;Moy. annuelle;16.0;16.183520384791574;µg-m3;99.0;100.0;99.0;R;1;48.584824;6.4839
2020/01/01 00:00:00;2020/12/31 23:59:59;ATMO GRAND EST;FR44ZRE01;ZR GRAND-EST;FR30028;Schlucht;Rurale près des villes;NO2;Fond;Oui;mesures indicatives;Moy. annuelle;2.0;1.9603893718623726;µg-m3;;;;R;1;48.051117;7.011114
2020/01/01 00:00:00;2020/12/31 23:59:59;ATMO GRAND EST;FR44ZRE01;ZR GRAND-EST;FR30032;Heming;Rurale près des villes;NO2;Industrielle;Oui;mesures fixes;Moy. annuelle;7.0;6.827614435604755;µg-m3;99.0;100.0;99.0;R;1;48.694725;6.965275
2020/01/01 00:00:00;2020/12/31 23:59:59;ATMO GRAND EST;FR44ZRE01;ZR GRAND-EST;FR30033;Jonville en Woevre;Rurale régionale;NO2;Fond;Oui;mesures fixes;Moy. annuelle;6.0;5.934828596916025;µg-m3;90.0;100.0;89.0;R;1;49.06583;5.785556
2020/01/01 00:00:00;2020/12/31 23:59:59;ATMO GRAND EST;FR44ZAG03;ZAG NANCY;FR30034;Nancy-Charles III;Urbaine;NO2;Fond;Oui;mesures fixes;Moy. annuelle;14.0;14.213155303962552;µg-m3;93.0;100.0;93.0;R;1;48.68817;6.190431
2020/01/01 00:00:00;2020/12/31 23:59:59;ATMO GRAND EST;FR44ZAG03;ZAG NANCY;FR30036;Nancy-Libération;Urbaine;NO2;Trafic;Oui;mesures fixes;Moy. annuelle;19.0;18.885313817911207;µg-m3;92.0;100.0;92.0;R;1;48.69708;6.154194
2020/01/01 00:00:00;2020/12/31 23:59:59;ATMO GRAND EST;FR44ZAG03;ZAG NANCY;FR30037;Nancy-Brabois 2;Périurbaine;NO2;Fond;Oui;mesures indicatives;Moy. annuelle;10.0;10.043749269091332;µg-m3;;;;R;1;48.656944;6.136022
2020/01/01 00:00:00;2020/12/31 23:59:59;ATMO NOUVELLE-AQUITAINE;FR75ZAG01;ZAG BORDEAUX;FR31001;GRAND PARC;Urbaine;NO2;Fond;Oui;mesures fixes;Moy. annuelle;12.0;12.204196203978922;µg-m3;100.0;100.0;100.0;R;1;44.86121;-0.58037
2020/01/01 00:00:00;2020/12/31 23:59:59;ATMO NOUVELLE-AQUITAINE;FR75ZAG01;ZAG BORDEAUX;FR31002;TALENCE;Urbaine;NO2;Fond;Oui;mesures fixes;Moy. annuelle;12.0;12.447601010101016;µg-m3;99.0;100.0;99.0;R;1;44.800462;-0.589398
2020/01/01 00:00:00;2020/12/31 23:59:59;ATMO NOUVELLE-AQUITAINE;FR75ZAG01;ZAG BORDEAUX;FR31003;BORDEAUX-BASTIDE;Urbaine;NO2;Trafic;Oui;mesures fixes;Moy. annuelle;16.0;15.548342670401563;µg-m3;98.0;99.0;98.0;R;1;44.849647;-0.544995
2020/01/01 00:00:00;2020/12/31 23:59:59;ATMO NOUVELLE-AQUITAINE;FR75ZAG01;ZAG BORDEAUX;FR31006;MERIGNAC;Urbaine;NO2;Trafic;Oui;mesures fixes;Moy. annuelle;18.0;17.833957319356077;µg-m3;91.0;100.0;91.0;R;1;44.841373;-0.651068
2020/01/01 00:00:00;2020/12/31 23:59:59;ATMO NOUVELLE-AQUITAINE;FR75ZAG01;ZAG BORDEAUX;FR31007;BASSENS;Urbaine;NO2;Fond;Oui;mesures fixes;Moy. annuelle;12.0;11.6653035069324;µg-m3;98.0;100.0;98.0;R;1;44.900296;-0.515835
2020/01/01 00:00:00;2020/12/31 23:59:59;ATMO NOUVELLE-AQUITAINE;FR75ZRE01;ZR NOUVELLE-AQUITAINE;FR31008;LE TEMPLE;Rurale régionale;NO2;Fond;Oui;mesures fixes;Moy. annuelle;2.0;1.8632083108472708;µg-m3;85.0;100.0;84.0;N;-1;44.86581;-0.94
2020/01/01 00:00:00;2020/12/31 23:59:59;ATMO NOUVELLE-AQUITAINE;FR75ZAG01;ZAG BORDEAUX;FR31010;AMBES;Périurbaine;NO2;Industrielle;Oui;mesures fixes;Moy. annuelle;6.0;6.329796294165022;µg-m3;99.0;100.0;99.0;R;1;45.014777;-0.533942
2020/01/01 00:00:00;2020/12/31 23:59:59;ATMO NOUVELLE-AQUITAINE;FR75ZRE01;ZR NOUVELLE-AQUITAINE;FR31013;BILLERE;Urbaine;NO2;Fond;Oui;mesures fixes;Moy. annuelle;11.0;11.112138953942264;µg-m3;88.0;99.0;88.0;R;1;43.310797;-0.391543
2020/01/01 00:00:00;2020/12/31 23:59:59;ATMO NOUVELLE-AQUITAINE;FR75ZRE01;ZR NOUVELLE-AQUITAINE;FR31016;SAINT-CROUTS;Urbaine;NO2;Fond;Oui;mesures fixes;Moy. annuelle;11.0;11.189050843567093;µg-m3;99.0;100.0;99.0;R;1;43.47982;-1.489157
2020/01/01 00:00:00;2020/12/31 23:59:59;ATMO NOUVELLE-AQUITAINE;FR75ZRE01;ZR NOUVELLE-AQUITAINE;FR31017;ANGLET;Urbaine;NO2;Trafic;Oui;mesures fixes;Moy. annuelle;18.0;18.268686522880248;µg-m3;100.0;100.0;100.0;R;1;43.494041;-1.528753
2020/01/01 00:00:00;2020/12/31 23:59:59;ATMO NOUVELLE-AQUITAINE;FR75ZRE01;ZR NOUVELLE-AQUITAINE;FR31020;LACQ;Rurale près des villes;NO2;Industrielle;Oui;mesures fixes;Moy. annuelle;9.0;9.377467539928722;µg-m3;99.0;100.0;99.0;R;1;43.41123;-0.617728
2020/01/01 00:00:00;2020/12/31 23:59:59;ATMO NOUVELLE-AQUITAINE;FR75ZRE01;ZR NOUVELLE-AQUITAINE;FR31021;LABASTIDE CEZERACQ;Rurale près des villes;NO2;Fond;Oui;mesures fixes;Moy. annuelle;8.0;7.912523408239715;µg-m3;97.0;100.0;97.0;R;1;43.376279;-0.538206
2020/01/01 00:00:00;2020/12/31 23:59:59;ATMO NOUVELLE-AQUITAINE;FR75ZRE01;ZR NOUVELLE-AQUITAINE;FR31024;MOURENX;Rurale près des villes;NO2;Industrielle;Oui;mesures fixes;Moy. annuelle;4.0;4.174577046181987;µg-m3;100.0;100.0;100.0;R;1;43.377194;-0.610278
2020/01/01 00:00:00;2020/12/31 23:59:59;ATMO NOUVELLE-AQUITAINE;FR75ZRE01;ZR NOUVELLE-AQUITAINE;FR31033;PERIGUEUX;Urbaine;NO2;Fond;Oui;mesures fixes;Moy. annuelle;9.0;8.931098584792556;µg-m3;95.0;100.0;95.0;R;1;45.189825;0.727184
2020/01/01 00:00:00;2020/12/31 23:59:59;ATMO NOUVELLE-AQUITAINE;FR75ZRE01;ZR NOUVELLE-AQUITAINE;FR31036;DAX;Urbaine;NO2;Fond;Oui;mesures fixes;Moy. annuelle;10.0;10.036858664085166;µg-m3;94.0;100.0;94.0;R;1;43.704643;-1.038557
2020/01/01 00:00:00;2020/12/31 23:59:59;ATMO NOUVELLE-AQUITAINE;FR75ZRE01;ZR NOUVELLE-AQUITAINE;FR31039;PAU TOURASSE;Urbaine;NO2;Trafic;Oui;mesures fixes;Moy. annuelle;20.0;19.787006616472777;µg-m3;100.0;100.0;100.0;R;1;43.311091;-0.352116
2020/01/01 00:00:00;2020/12/31 23:59:59;ATMO NOUVELLE-AQUITAINE;FR75ZRE01;ZR NOUVELLE-AQUITAINE;FR31040;MARMANDE;Périurbaine;NO2;Trafic;Oui;mesures fixes;Moy. annuelle;14.0;14.13234269793365;µg-m3;98.0;100.0;98.0;R;1;44.508782;0.142695
2020/01/01 00:00:00;2020/12/31 23:59:59;ATMO NOUVELLE-AQUITAINE;FR75ZRE01;ZR NOUVELLE-AQUITAINE;FR31041;MONT DE MARSAN;Urbaine;NO2;Trafic;Oui;mesures fixes;Moy. annuelle;13.0;12.859598265236215;µg-m3;100.0;100.0;100.0;R;1;43.8961;-0.491403
2020/01/01 00:00:00;2020/12/31 23:59:59;ATMO NOUVELLE-AQUITAINE;FR75ZRE01;ZR NOUVELLE-AQUITAINE;FR31043;Biarritz-hippodrome;Périurbaine;NO2;Fond;Oui;mesures fixes;Moy. annuelle;10.0;9.795711247637046;µg-m3;97.0;99.0;96.0;R;1;43.470237;-1.553876
2020/01/01 00:00:00;2020/12/31 23:59:59;ATMO NOUVELLE-AQUITAINE;FR75ZAG01;ZAG BORDEAUX;FR31045;Bordeaux_GAUTIER;Urbaine;NO2;Trafic;Oui;mesures fixes;Moy. annuelle;31.0;31.183006306937667;µg-m3;98.0;99.0;97.0;R;1;44.833825;-0.598525
2020/01/01 00:00:00;2020/12/31 23:59:59;ATMO BOURGOGNE-FRANCHE-COMTE;FR27ZAR04;ZAR CHALON;FR32001;Chalon Centre Ville;Urbaine;NO2;Trafic;Oui;mesures fixes;Moy. annuelle;20.0;20.252879034130487;µg-m3;98.0;100.0;98.0;R;1;46.782311;4.847322
2020/01/01 00:00:00;2020/12/31 23:59:59;ATMO BOURGOGNE-FRANCHE-COMTE;FR27ZAR04;ZAR CHALON;FR32002;Champforgueil;Périurbaine;NO2;Fond;Oui;mesures fixes;Moy. annuelle;14.0;14.13353966070609;µg-m3;99.0;100.0;99.0;R;1;46.821056;4.835083
2020/01/01 00:00:00;2020/12/31 23:59:59;ATMO BOURGOGNE-FRANCHE-COMTE;FR27ZRE01;ZR BOURGOGNE-FRANCHE-COMTE;FR32005;Montceau-les-Mines 9me écluse;Urbaine;NO2;Fond;Oui;mesures fixes;Moy. annuelle;13.0;13.056818181818116;µg-m3;99.0;99.0;98.0;R;1;46.678785;4.366893
2020/01/01 00:00:00;2020/12/31 23:59:59;ATMO BOURGOGNE-FRANCHE-COMTE;FR27ZRE01;ZR BOURGOGNE-FRANCHE-COMTE;FR32006;Macon Paul Bert;Périurbaine;NO2;Fond;Oui;mesures fixes;Moy. annuelle;15.0;15.092151695692065;µg-m3;99.0;100.0;99.0;R;1;46.316172;4.839994
2020/01/01 00:00:00;2020/12/31 23:59:59;ATMO AUVERGNE-RHÔNE-ALPES;FR84ZAR01;ZAR PAYS-DE-SAVOIE;FR33101;PASTEUR;Urbaine;NO2;Fond;Oui;mesures indicatives;Moy. annuelle;18.0;17.56682932635088;µg-m3;;;;R;1;45.56472;5.928333
2020/01/01 00:00:00;2020/12/31 23:59:59;ATMO AUVERGNE-RHÔNE-ALPES;FR84ZAR01;ZAR PAYS-DE-SAVOIE;FR33102;CHAMBERY LE HAUT;Urbaine;NO2;Fond;Oui;mesures indicatives;Moy. annuelle;13.0;12.742879650951393;µg-m3;;;;R;1;45.59667;5.918611
2020/01/01 00:00:00;2020/12/31 23:59:59;ATMO AUVERGNE-RHÔNE-ALPES;FR84ZAR01;ZAR PAYS-DE-SAVOIE;FR33105;Chambéry Trafic;Urbaine;NO2;Trafic;Oui;mesures indicatives;Moy. annuelle;22.0;21.665639667830035;µg-m3;;;;R;1;45.56943;5.932986
2020/01/01 00:00:00;2020/12/31 23:59:59;ATMO AUVERGNE-RHÔNE-ALPES;FR84ZRE01;ZR AUVERGNE-RHONE-ALPES;FR33111;SAINT JEAN;Urbaine;NO2;Fond;Oui;mesures indicatives;Moy. annuelle;11.0;10.904725727530256;µg-m3;;;;R;1;45.274723;6.349722
2020/01/01 00:00:00;2020/12/31 23:59:59;ATMO AUVERGNE-RHÔNE-ALPES;FR84ZRE01;ZR AUVERGNE-RHONE-ALPES;FR33113;Maurienne Trafic;Périurbaine;NO2;Trafic;Oui;mesures indicatives;Moy. annuelle;11.0;10.955394431554524;µg-m3;;;;R;1;45.209364;6.480326
2020/01/01 00:00:00;2020/12/31 23:59:59;ATMO AUVERGNE-RHÔNE-ALPES;FR84ZAR03;ZAR VALLEE-DE-L-ARVE;FR33120;CHAMONIX;Urbaine;NO2;Fond;Oui;mesures indicatives;Moy. annuelle;18.0;17.940788873689012;µg-m3;;;;R;1;45.9225;6.87
2020/01/01 00:00:00;2020/12/31 23:59:59;ATMO AUVERGNE-RHÔNE-ALPES;FR84ZAR04;ZAR VALLEE-DE-LA-TARANTAISE;FR33121;Albertville;Urbaine;NO2;Fond;Oui;estimation objective;Moy. annuelle;15.0;14.983942528735627;µg-m3;100.0;99.0;99.0;R;1;45.675;6.389722
2020/01/01 00:00:00;2020/12/31 23:59:59;ATMO AUVERGNE-RHÔNE-ALPES;FR84ZAR01;ZAR PAYS-DE-SAVOIE;FR33201;LOVERCHY;Urbaine;NO2;Fond;Oui;mesures indicatives;Moy. annuelle;18.0;17.64779845140413;µg-m3;;;;R;1;45.89528;6.118333
2020/01/01 00:00:00;2020/12/31 23:59:59;ATMO AUVERGNE-RHÔNE-ALPES;FR84ZAR01;ZAR PAYS-DE-SAVOIE;FR33202;NOVEL;Urbaine;NO2;Fond;Oui;mesures fixes;Moy. annuelle;14.0;13.855989735215207;µg-m3;98.0;99.0;98.0;R;1;45.916943;6.135556
2020/01/01 00:00:00;2020/12/31 23:59:59;ATMO AUVERGNE-RHÔNE-ALPES;FR84ZAR01;ZAR PAYS-DE-SAVOIE;FR33203;ANNECY Rocade;Urbaine;NO2;Trafic;Oui;mesures fixes;Moy. annuelle;28.0;27.739387921971908;µg-m3;98.0;100.0;97.0;R;1;45.9097;6.11825
2020/01/01 00:00:00;2020/12/31 23:59:59;ATMO AUVERGNE-RHÔNE-ALPES;FR84ZAR01;ZAR PAYS-DE-SAVOIE;FR33211;ANNEMASSE;Urbaine;NO2;Fond;Oui;mesures indicatives;Moy. annuelle;17.0;16.688654510785355;µg-m3;;;;R;1;46.19583;6.240556
2020/01/01 00:00:00;2020/12/31 23:59:59;ATMO AUVERGNE-RHÔNE-ALPES;FR84ZAR01;ZAR PAYS-DE-SAVOIE;FR33212;GAILLARD;Urbaine;NO2;Fond;Oui;mesures indicatives;Moy. annuelle;13.0;13.320759821218532;µg-m3;;;;R;1;46.193641;6.214534
2020/01/01 00:00:00;2020/12/31 23:59:59;ATMO AUVERGNE-RHÔNE-ALPES;FR84ZAR01;ZAR PAYS-DE-SAVOIE;FR33213;ANNEMASSE TRAFIC;Urbaine;NO2;Trafic;Oui;mesures indicatives;Moy. annuelle;23.0;23.386671478407333;µg-m3;;;;R;1;46.1908111;6.23553611111111
2020/01/01 00:00:00;2020/12/31 23:59:59;ATMO AUVERGNE-RHÔNE-ALPES;FR84ZAR03;ZAR VALLEE-DE-L-ARVE;FR33220;PASSY;Périurbaine;NO2;Fond;Oui;mesures indicatives;Moy. annuelle;14.0;13.600482294707444;µg-m3;;;;R;1;45.92361;6.713611
2020/01/01 00:00:00;2020/12/31 23:59:59;ATMO AUVERGNE-RHÔNE-ALPES;FR84ZAR03;ZAR VALLEE-DE-L-ARVE;FR33232;BOSSONS;Urbaine;NO2;Trafic;Oui;mesures fixes;Moy. annuelle;31.0;31.15891214351433;µg-m3;99.0;100.0;99.0;R;1;45.907223;6.845833
2020/01/01 00:00:00;2020/12/31 23:59:59;ATMO AUVERGNE-RHÔNE-ALPES;FR84ZRE01;ZR AUVERGNE-RHONE-ALPES;FR33302;St Germain/Rhône;Rurale près des villes;NO2;Fond;Oui;mesures indicatives;Moy. annuelle;6.0;5.987166513339465;µg-m3;;;;R;1;46.072224;5.820833
2020/01/01 00:00:00;2020/12/31 23:59:59;ATMO AUVERGNE-RHÔNE-ALPES;FR84ZRE01;ZR AUVERGNE-RHONE-ALPES;FR33305;Bourg-en-Bresse;Urbaine;NO2;Fond;Oui;mesures fixes;Moy. annuelle;13.0;12.951169773551818;µg-m3;91.0;100.0;91.0;R;1;46.211666;5.226389
2020/01/01 00:00:00;2020/12/31 23:59:59;LIG'AIR;FR24ZAG02;ZAG ORLEANS;FR34013;Gambetta;Urbaine;NO2;Trafic;Oui;mesures fixes;Moy. annuelle;21.0;21.162968874700645;µg-m3;100.0;100.0;100.0;R;1;47.907083;1.901139
2020/01/01 00:00:00;2020/12/31 23:59:59;LIG'AIR;FR24ZAG02;ZAG ORLEANS;FR34014;St Jean;Urbaine;NO2;Fond;Oui;mesures fixes;Moy. annuelle;9.0;8.725524798154565;µg-m3;99.0;100.0;99.0;R;1;47.917398;1.966258
2020/01/01 00:00:00;2020/12/31 23:59:59;LIG'AIR;FR24ZRE01;ZR CENTRE-VAL DE LOIRE;FR34018;Montargis;Urbaine;NO2;Fond;Oui;mesures fixes;Moy. annuelle;8.0;8.135553425970299;µg-m3;100.0;95.0;95.0;R;1;47.997889;2.7195
2020/01/01 00:00:00;2020/12/31 23:59:59;LIG'AIR;FR24ZAG01;ZAG TOURS;FR34024;Joué lès Tours;Urbaine;NO2;Fond;Oui;mesures fixes;Moy. annuelle;10.0;9.61860845201957;µg-m3;98.0;100.0;98.0;R;1;47.344139;0.653778
2020/01/01 00:00:00;2020/12/31 23:59:59;LIG'AIR;FR24ZAG01;ZAG TOURS;FR34025;La Bruyère;Urbaine;NO2;Fond;Oui;mesures fixes;Moy. annuelle;10.0;9.769823160296637;µg-m3;100.0;100.0;100.0;R;1;47.419083;0.682944
2020/01/01 00:00:00;2020/12/31 23:59:59;LIG'AIR;FR24ZAG01;ZAG TOURS;FR34028;Pompidou;Urbaine;NO2;Trafic;Oui;mesures fixes;Moy. annuelle;23.0;23.27513215082819;µg-m3;97.0;100.0;97.0;R;1;47.394639;0.704861
2020/01/01 00:00:00;2020/12/31 23:59:59;LIG'AIR;FR24ZAG02;ZAG ORLEANS;FR34029;La_Source-CNRS;Urbaine;NO2;Fond;Oui;mesures fixes;Moy. annuelle;7.0;6.51594951233507;µg-m3;99.0;100.0;99.0;R;1;47.83775;1.944667
2020/01/01 00:00:00;2020/12/31 23:59:59;LIG'AIR;FR24ZRE01;ZR CENTRE-VAL DE LOIRE;FR34030;Bourges-Baffier;Urbaine;NO2;Trafic;Oui;mesures fixes;Moy. annuelle;11.0;10.53154823206315;µg-m3;99.0;100.0;99.0;R;1;47.075044;2.407183
2020/01/01 00:00:00;2020/12/31 23:59:59;LIG'AIR;FR24ZRE01;ZR CENTRE-VAL DE LOIRE;FR34032;Leblanc;Urbaine;NO2;Fond;Oui;mesures fixes;Moy. annuelle;8.0;8.443555758683745;µg-m3;100.0;100.0;100.0;R;1;47.082778;2.405333
2020/01/01 00:00:00;2020/12/31 23:59:59;LIG'AIR;FR24ZRE01;ZR CENTRE-VAL DE LOIRE;FR34038;Verneuil;Rurale nationale;NO2;Fond;Oui;mesures fixes;Moy. annuelle;2.0;2.073652968036536;µg-m3;100.0;100.0;100.0;R;1;46.814694;2.610069
2020/01/01 00:00:00;2020/12/31 23:59:59;LIG'AIR;FR24ZAR01;ZAR CHARTRES-DREUX;FR34046;Dreux Centre;Urbaine;NO2;Fond;Oui;mesures fixes;Moy. annuelle;7.0;7.15199360219356;µg-m3;100.0;100.0;100.0;R;1;48.729694;1.358472
2020/01/01 00:00:00;2020/12/31 23:59:59;LIG'AIR;FR24ZAR01;ZAR CHARTRES-DREUX;FR34047;Saint-Remy;Périurbaine;NO2;Trafic;Oui;mesures fixes;Moy. annuelle;20.0;19.986123959296922;µg-m3;99.0;100.0;98.0;R;1;48.760889;1.233639
2020/01/01 00:00:00;2020/12/31 23:59:59;LIG'AIR;FR24ZAR01;ZAR CHARTRES-DREUX;FR34048;Chartres_trafic;Urbaine;NO2;Trafic;Oui;mesures fixes;Moy. annuelle;15.0;15.378764699166592;µg-m3;100.0;100.0;100.0;R;1;48.449158;1.492469
2020/01/01 00:00:00;2020/12/31 23:59:59;LIG'AIR;FR24ZRE01;ZR CENTRE-VAL DE LOIRE;FR34051;Chateauroux Sud;Urbaine;NO2;Fond;Oui;mesures fixes;Moy. annuelle;7.0;7.077188177564744;µg-m3;100.0;100.0;100.0;R;1;46.798278;1.693139
2020/01/01 00:00:00;2020/12/31 23:59:59;LIG'AIR;FR24ZRE01;ZR CENTRE-VAL DE LOIRE;FR34057;Issoudun Trafic ZR;Urbaine;NO2;Trafic;Oui;mesures fixes;Moy. annuelle;11.0;10.81609665427509;µg-m3;98.0;93.0;92.0;R;1;46.942941;2.003258
2020/01/01 00:00:00;2020/12/31 23:59:59;LIG'AIR;FR24ZAR02;ZAR BLOIS;FR34061;Blois nord;Urbaine;NO2;Fond;Oui;mesures fixes;Moy. annuelle;7.0;6.938640844253731;µg-m3;98.0;100.0;98.0;R;1;47.594256;1.302667
2020/01/01 00:00:00;2020/12/31 23:59:59;LIG'AIR;FR24ZAR02;ZAR BLOIS;FR34063;Blois_trafic;Urbaine;NO2;Trafic;Oui;mesures fixes;Moy. annuelle;13.0;13.356011730205289;µg-m3;95.0;4.0;4.0;N;-1;47.586544;1.326533
2020/01/01 00:00:00;2020/12/31 23:59:59;LIG'AIR;FR24ZRE01;ZR CENTRE-VAL DE LOIRE;FR34064;Montargis_trafic;Urbaine;NO2;Trafic;Oui;mesures fixes;Moy. annuelle;17.0;16.657747692307673;µg-m3;92.0;100.0;92.0;R;1;48.006936;2.740111
2020/01/01 00:00:00;2020/12/31 23:59:59;LIG'AIR;FR24ZRE01;ZR CENTRE-VAL DE LOIRE;FR34065;Montargis Fond;Urbaine;NO2;Fond;Oui;mesures fixes;Moy. annuelle;8.0;8.434426229508203;µg-m3;34.0;4.0;1.0;N;-1;47.996994;2.731511
2020/01/01 00:00:00;2020/12/31 23:59:59;ATMO NOUVELLE-AQUITAINE;FR75ZRE01;ZR NOUVELLE-AQUITAINE;FR35002;ST JUNIEN - Fontaine;Urbaine;NO2;Fond;Oui;mesures fixes;Moy. annuelle;5.0;5.486149516701341;µg-m3;93.0;100.0;93.0;R;1;45.884851;0.898431
2020/01/01 00:00:00;2020/12/31 23:59:59;ATMO NOUVELLE-AQUITAINE;FR75ZRE01;ZR NOUVELLE-AQUITAINE;FR35004;BRIVE - Dalton;Urbaine;NO2;Fond;Oui;mesures fixes;Moy. annuelle;11.0;10.580916905444123;µg-m3;99.0;100.0;99.0;R;1;45.158738;1.537259
2020/01/01 00:00:00;2020/12/31 23:59:59;ATMO NOUVELLE-AQUITAINE;FR75ZRE01;ZR NOUVELLE-AQUITAINE;FR35005;GUERET - Nicolas;Urbaine;NO2;Fond;Oui;mesures fixes;Moy. annuelle;8.0;7.910858643525947;µg-m3;100.0;100.0;100.0;R;1;46.17362;1.873024
2020/01/01 00:00:00;2020/12/31 23:59:59;ATMO NOUVELLE-AQUITAINE;FR75ZRE01;ZR NOUVELLE-AQUITAINE;FR35006;TULLE - Hugo;Urbaine;NO2;Fond;Oui;mesures fixes;Moy. annuelle;10.0;9.659201647031908;µg-m3;100.0;100.0;100.0;R;1;45.262665;1.762752
2020/01/01 00:00:00;2020/12/31 23:59:59;ATMO NOUVELLE-AQUITAINE;FR75ZAR01;ZAR LIMOGES;FR35010;LIMOGES - Aine;Urbaine;NO2;Trafic;Oui;mesures fixes;Moy. annuelle;21.0;21.272308749427403;µg-m3;99.0;100.0;99.0;R;1;45.829975;1.254772
2020/01/01 00:00:00;2020/12/31 23:59:59;ATMO NOUVELLE-AQUITAINE;FR75ZRE01;ZR NOUVELLE-AQUITAINE;FR35019;SAILLAT - Ipaper;Périurbaine;NO2;Industrielle;Oui;mesures fixes;Moy. annuelle;6.0;6.310325570342209;µg-m3;96.0;100.0;96.0;R;1;45.875834;0.823951
2020/01/01 00:00:00;2020/12/31 23:59:59;ATMO NOUVELLE-AQUITAINE;FR75ZAR01;ZAR LIMOGES;FR35027;LIMOGES - BERLAND;Urbaine;NO2;Fond;Oui;mesures fixes;Moy. annuelle;13.0;13.024869866975102;µg-m3;98.0;100.0;98.0;R;1;45.842204;1.259689
2020/01/01 00:00:00;2020/12/31 23:59:59;ATMO AUVERGNE-RHÔNE-ALPES;FR84ZAR02;ZAR VALLEE-DU-RHONE;FR36001;Valence Périurb. Sud;Périurbaine;NO2;Fond;Oui;mesures indicatives;Moy. annuelle;13.0;13.386983801049517;µg-m3;;;;R;1;44.870243;4.876289
2020/01/01 00:00:00;2020/12/31 23:59:59;ATMO AUVERGNE-RHÔNE-ALPES;FR84ZAR02;ZAR VALLEE-DU-RHONE;FR36002;Valence Urb. Centre;Urbaine;NO2;Fond;Oui;mesures fixes;Moy. annuelle;16.0;15.6087207957437;µg-m3;98.0;100.0;98.0;R;1;44.933514;4.893481
2020/01/01 00:00:00;2020/12/31 23:59:59;ATMO AUVERGNE-RHÔNE-ALPES;FR84ZAR02;ZAR VALLEE-DU-RHONE;FR36019;Romans-sur-Isère;Urbaine;NO2;Fond;Oui;mesures indicatives;Moy. annuelle;10.0;9.82177564487102;µg-m3;;;;R;1;45.0425;5.0443
2020/01/01 00:00:00;2020/12/31 23:59:59;ATMO AUVERGNE-RHÔNE-ALPES;FR84ZRE01;ZR AUVERGNE-RHONE-ALPES;FR36021;Drôme Rurale Sud-SND;Rurale nationale;NO2;Fond;Oui;mesures fixes;Moy. annuelle;2.0;1.597382258802016;µg-m3;100.0;100.0;100.0;R;1;44.569443;5.278972
2020/01/01 00:00:00;2020/12/31 23:59:59;ATMO AUVERGNE-RHÔNE-ALPES;FR84ZAR02;ZAR VALLEE-DU-RHONE;FR36032;A7 Valence Est;Urbaine;NO2;Trafic;Oui;mesures fixes;Moy. annuelle;25.0;25.069425077151745;µg-m3;100.0;100.0;100.0;R;1;44.9492;4.890133
2020/01/01 00:00:00;2020/12/31 23:59:59;GWAD'AIR;FR01ZAG01;ZAG POINTE-A-PITRE;FR37001;ST de Baie mahault;Périurbaine;NO2;Fond;Oui;estimation objective;Moy. annuelle;7.0;6.848563015312145;µg/m3;97.0;99.0;97.0;R;1;16.257308;-61.591725
2020/01/01 00:00:00;2020/12/31 23:59:59;GWAD'AIR;FR01ZAG01;ZAG POINTE-A-PITRE;FR37006;PTP-VICTOIRE;Urbaine;NO2;Fond;Oui;mesures fixes;Moy. annuelle;9.0;8.966834170854304;µg/m3;95.0;93.0;88.0;R;1;16.23674;-61.534101
2020/01/01 00:00:00;2020/12/31 23:59:59;GWAD'AIR;FR01ZAG01;ZAG POINTE-A-PITRE;FR37007;ST Vieux Bourg ABYMES;Périurbaine;NO2;Trafic;Oui;estimation objective;Moy. annuelle;10.0;9.679761179480929;µg/m3;96.0;98.0;93.0;R;1;16.25066;-61.527794
2020/01/01 00:00:00;2020/12/31 23:59:59;GWAD'AIR;FR01ZRE01;ZR GUADELOUPE;FR37010;BT_PICHON;Urbaine;NO2;Fond;Oui;mesures fixes;Moy. annuelle;8.0;8.192636494252868;µg/m3;97.0;98.0;95.0;R;1;15.994349;-61.727203
2020/01/01 00:00:00;2020/12/31 23:59:59;ATMO REUNION;FR04ZAR01;ZAR SAINT-DENIS;FR38001;LYC. LISLET GEOFFROY;Urbaine;NO2;Fond;Oui;mesures fixes;Moy. annuelle;8.0;8.095695695695701;µg-m3;72.0;95.0;68.0;N;-1;-20.889893;55.46884
2020/01/01 00:00:00;2020/12/31 23:59:59;ATMO REUNION;FR04ZAR01;ZAR SAINT-DENIS;FR38008;Ecole JOINVILLE;Urbaine;NO2;Fond;Oui;mesures fixes;Moy. annuelle;6.0;5.82056925558885;µg-m3;99.0;100.0;99.0;R;1;-20.884575;55.453906
2020/01/01 00:00:00;2020/12/31 23:59:59;ATMO REUNION;FR04ZAR01;ZAR SAINT-DENIS;FR38009;Ecole La Marine;Périurbaine;NO2;Trafic;Oui;mesures fixes;Moy. annuelle;4.0;3.7133755760368614;µg-m3;99.0;100.0;99.0;R;1;-20.910585;55.618977
2020/01/01 00:00:00;2020/12/31 23:59:59;ATMO REUNION;FR04ZAR02;ZAR VOLCAN;FR38011;Station Luther King;Urbaine;NO2;Fond;Oui;mesures fixes;Moy. annuelle;9.0;8.900783139467938;µg-m3;99.0;100.0;99.0;R;1;-21.334406;55.45906
2020/01/01 00:00:00;2020/12/31 23:59:59;ATMO REUNION;FR04ZAR02;ZAR VOLCAN;FR38014;Ligne Paradis;Périurbaine;NO2;Fond;Oui;mesures fixes;Moy. annuelle;6.0;6.311296660117876;µg-m3;35.0;99.0;35.0;N;-1;-21.312895;55.474194
2020/01/01 00:00:00;2020/12/31 23:59:59;ATMO REUNION;FR04ZAR02;ZAR VOLCAN;FR38016;Station Bourg-Murat;Rurale régionale;NO2;Fond;Oui;mesures fixes;Moy. annuelle;3.0;2.743481366829383;µg-m3;96.0;99.0;96.0;R;1;-21.204815;55.58262
2020/01/01 00:00:00;2020/12/31 23:59:59;ATMO REUNION;FR04ZAR01;ZAR SAINT-DENIS;FR38018;Centre Penitencier;Périurbaine;NO2;Trafic;Oui;mesures fixes;Moy. annuelle;13.0;13.417639673571827;µg-m3;91.0;100.0;91.0;R;1;-20.9498;55.313828
2020/01/01 00:00:00;2020/12/31 23:59:59;ATMO REUNION;FR04ZAR01;ZAR SAINT-DENIS;FR38020;Plateau Caillou;Urbaine;NO2;Fond;Oui;mesures fixes;Moy. annuelle;8.0;8.238861617578296;µg-m3;98.0;99.0;97.0;R;1;-21.022112;55.266773
2020/01/01 00:00:00;2020/12/31 23:59:59;ATMO REUNION;FR04ZAR01;ZAR SAINT-DENIS;FR38021;Grand Fond;Périurbaine;NO2;Fond;Oui;mesures fixes;Moy. annuelle;5.0;5.486872542216055;µg-m3;98.0;100.0;98.0;R;1;-21.032139;55.232563
2020/01/01 00:00:00;2020/12/31 23:59:59;ATMO REUNION;FR04ZAR02;ZAR VOLCAN;FR38023;BD BANKS;Urbaine;NO2;Trafic;Oui;mesures fixes;Moy. annuelle;17.0;16.63025020177559;µg-m3;96.0;73.0;71.0;N;-1;-21.331703;55.478949
2020/01/01 00:00:00;2020/12/31 23:59:59;ATMO REUNION;FR04ZRE01;ZR LA REUNION;FR38024;RDT SAINT-LEU;Rurale près des villes;NO2;Trafic;Oui;estimation objective;Moy. annuelle;11.0;11.059017106407664;µg-m3;80.0;98.0;79.0;R;1;-21.213212;55.302844
2020/01/01 00:00:00;2020/12/31 23:59:59;ATMO REUNION;FR04ZAR01;ZAR SAINT-DENIS;FR38091;Terrain de Sel;Urbaine;NO2;Trafic;Oui;mesures fixes;Moy. annuelle;10.0;10.270387821674534;µg-m3;94.0;100.0;94.0;R;1;-20.928686;55.332581
2020/01/01 00:00:00;2020/12/31 23:59:59;ATMO REUNION;FR04ZAR02;ZAR VOLCAN;FR38098;Sarda Garriga;Urbaine;NO2;Trafic;Oui;mesures fixes;Moy. annuelle;6.0;5.711775571461576;µg-m3;99.0;100.0;99.0;R;1;-21.277075;55.403065
2020/01/01 00:00:00;2020/12/31 23:59:59;MADININAIR;FR02ZAR01;ZAR FORT-DE-FRANCE;FR39009;Lamentin;Urbaine;NO2;Fond;Oui;mesures fixes;Moy. annuelle;8.0;8.08833376255472;µg-m3;88.0;100.0;88.0;R;1;14.610653;-61.002586
2020/01/01 00:00:00;2020/12/31 23:59:59;MADININAIR;FR02ZAR01;ZAR FORT-DE-FRANCE;FR39010;Concorde;Urbaine;NO2;Trafic;Oui;mesures fixes;Moy. annuelle;25.0;25.33053395541739;µg-m3;88.0;100.0;88.0;R;1;14.613844;-61.063492
2020/01/01 00:00:00;2020/12/31 23:59:59;MADININAIR;FR02ZRE01;ZR MARTINIQUE;FR39014;Sainte_Luce;Périurbaine;NO2;Fond;Oui;mesures fixes;Moy. annuelle;1.0;0.8740459944402321;µg-m3;90.0;100.0;90.0;R;1;14.468869;-60.927417
2020/01/01 00:00:00;2020/12/31 23:59:59;MADININAIR;FR02ZAR01;ZAR FORT-DE-FRANCE;FR39016;Robert Bourg;Urbaine;NO2;Fond;Oui;mesures fixes;Moy. annuelle;4.0;3.70271786022432;µg-m3;79.0;100.0;79.0;N;-1;14.678025;-60.939056
2020/01/01 00:00:00;2020/12/31 23:59:59;MADININAIR;FR02ZAR01;ZAR FORT-DE-FRANCE;FR39017;Bellevue;Périurbaine;NO2;Fond;Oui;mesures fixes;Moy. annuelle;2.0;2.4401182067175973;µg-m3;81.0;98.0;79.0;N;-1;14.601469;-61.085331
2020/01/01 00:00:00;2020/12/31 23:59:59;ATMO GUYANE;FR03ZRE01;ZR GUYANE;FR40006;Kourou Gaston Monnerville Brady;Urbaine;NO2;Fond;Oui;estimation objective;Moy. annuelle;2.0;2.113148533749783;µg-m3;100.0;15.0;15.0;A;1;5.164248;-52.64649
2020/01/01 00:00:00;2020/12/31 23:59:59;ATMO GUYANE;FR03ZAR01;ZAR ILE-DE-CAYENNE;FR40007;Kalou;Périurbaine;NO2;Fond;Oui;mesures fixes;Moy. annuelle;3.0;2.547226931460406;µg-m3;95.0;99.0;94.0;R;1;4.84816;-52.3238
2020/01/01 00:00:00;2020/12/31 23:59:59;ATMO GUYANE;FR03ZAR01;ZAR ILE-DE-CAYENNE;FR40008;Caiena3;Urbaine;NO2;Fond;Oui;mesures fixes;Moy. annuelle;3.0;2.785082382762989;µg-m3;91.0;98.0;90.0;R;1;4.9378467;-52.32093
2020/01/01 00:00:00;2020/12/31 23:59:59;ATMO GUYANE;FR03ZRE01;ZR GUYANE;FR40010;Matiti;Rurale près des villes;NO2;Fond;Oui;estimation objective;Moy. annuelle;0.0;0.165027932960893;µg-m3;80.0;25;20.0;R;1;5.034602;-52.563795
2020/01/01 00:00:00;2020/12/31 23:59:59;QUALITAIR CORSE;FR94ZAR01;ZAR AJACCIO;FR41001;AJACCIO CANETTO;Urbaine;NO2;Fond;Oui;mesures fixes;Moy. annuelle;13.0;13.421074948430002;µg-m3;99.0;100.0;99.0;R;1;41.924694;8.735694
2020/01/01 00:00:00;2020/12/31 23:59:59;QUALITAIR CORSE;FR94ZAR02;ZAR BASTIA;FR41002;BASTIA GIRAUD;Urbaine;NO2;Fond;Oui;mesures fixes;Moy. annuelle;9.0;8.976815286624218;µg-m3;98.0;100.0;98.0;R;1;42.697917;9.446417
2020/01/01 00:00:00;2020/12/31 23:59:59;QUALITAIR CORSE;FR94ZAR01;ZAR AJACCIO;FR41003;AJACCIO PIATANICCIA;Périurbaine;NO2;Industrielle;Oui;mesures fixes;Moy. annuelle;6.0;5.9705522971651765;µg-m3;96.0;97.0;93.0;R;1;41.958028;8.820278
2020/01/01 00:00:00;2020/12/31 23:59:59;QUALITAIR CORSE;FR94ZAR02;ZAR BASTIA;FR41004;BASTIA LA MARANA;Périurbaine;NO2;Industrielle;Oui;mesures fixes;Moy. annuelle;5.0;5.154040278468413;µg-m3;93.0;99.0;92.0;R;1;42.535833;9.475972
2020/01/01 00:00:00;2020/12/31 23:59:59;QUALITAIR CORSE;FR94ZAR01;ZAR AJACCIO;FR41007;AJACCIO SPOSATA;Périurbaine;NO2;Fond;Oui;mesures fixes;Moy. annuelle;6.0;6.304550155118936;µg-m3;99.0;100.0;99.0;R;1;41.949222;8.757583
2020/01/01 00:00:00;2020/12/31 23:59:59;QUALITAIR CORSE;FR94ZAR02;ZAR BASTIA;FR41017;BASTIA MONTESORO;Périurbaine;NO2;Fond;Oui;mesures fixes;Moy. annuelle;5.0;4.625418695807105;µg-m3;96.0;100.0;96.0;R;1;42.671333;9.434639
2020/01/01 00:00:00;2020/12/31 23:59:59;QUALITAIR CORSE;FR94ZRE01;ZR CORSE;FR41024;VENACO;Rurale régionale;NO2;Fond;Oui;mesures fixes;Moy. annuelle;1.0;0.8925678838951329;µg-m3;98.0;99.0;97.0;R;1;42.236028;9.190028
2020/01/01 00:00:00;2020/12/31 23:59:59;QUALITAIR CORSE;FR94ZAR01;ZAR AJACCIO;FR41059;AJACCIO ABBATUCCI;Urbaine;NO2;Trafic;Oui;mesures fixes;Moy. annuelle;26.0;25.82026582278482;µg-m3;90.0;99.0;90.0;R;1;41.92575;8.738278
2020/01/01 00:00:00;2020/12/31 23:59:59;QUALITAIR CORSE;FR94ZAR02;ZAR BASTIA;FR41060;BASTIA FANGO;Urbaine;NO2;Trafic;Oui;mesures fixes;Moy. annuelle;15.0;14.676965156380032;µg-m3;96.0;100.0;96.0;R;1;42.702833;9.446389
2020/01/01 00:00:00;2020/12/31 23:59:59;ATMO GRAND EST;FR44ZAG01;ZAG STRASBOURG;FR42010;Strasbourg Neudorf Ecoquartier Danube;Urbaine;NO2;Fond;Oui;mesures fixes;Moy. annuelle;22.0;22.19850851438638;µg-m3;97.0;100.0;97.0;R;1;48.572808;7.767833
2020/01/01 00:00:00;2020/12/31 23:59:59;HAWA MAYOTTE;FR06ZRE01;ZR MAYOTTE;FR43099;Kawéni Nord;Périurbaine;NO2;Trafic;Oui;mesures indicatives;Moy. annuelle;11.0;11.402083698126418;µg-m3;;;;N;-1;-12.761174;45.226197
2020/01/01 00:00:00;2020/12/31 23:59:59;ATMO OCCITANIE;FR76ZRE01;ZR OCCITANIE;FR50060;Montauban;Urbaine;NO2;Fond;Oui;mesures fixes;Moy. annuelle;14.0;14.362462159434873;µg-m3;99.0;23.0;23.0;N;-1;44.01285657;1.37530522
2020/01/01 00:00:00;2020/12/31 23:59:59;ATMO BOURGOGNE-FRANCHE-COMTE;FR27ZAR03;ZAR BESANCON;FR82001;Besancon Mégevand;Urbaine;NO2;Trafic;Oui;mesures fixes;Moy. annuelle;19.0;19.023179827157573;µg-m3;97.0;99.0;96.0;R;1;47.235973;6.023611
2020/01/01 00:00:00;2020/12/31 23:59:59;ATMO BOURGOGNE-FRANCHE-COMTE;FR27ZAR03;ZAR BESANCON;FR82006;Besançon Prévoyance;Urbaine;NO2;Fond;Oui;mesures fixes;Moy. annuelle;13.0;12.83104768534628;µg-m3;99.0;99.0;98.0;R;1;47.2474;6.015419
2020/01/01 00:00:00;2020/12/31 23:59:59;ATMO BOURGOGNE-FRANCHE-COMTE;FR27ZAR01;ZAR BELFORT-MONTBELIARD;FR82010;Montbéliard centre;Urbaine;NO2;Fond;Oui;mesures fixes;Moy. annuelle;16.0;15.684706151907443;µg-m3;99.0;100.0;99.0;R;1;47.510307;6.794
2020/01/01 00:00:00;2020/12/31 23:59:59;ATMO BOURGOGNE-FRANCHE-COMTE;FR27ZAR01;ZAR BELFORT-MONTBELIARD;FR82020;Belfort Octroi;Urbaine;NO2;Trafic;Oui;mesures fixes;Moy. annuelle;17.0;17.214255691768845;µg-m3;98.0;100.0;98.0;R;1;47.640667;6.859278
2020/01/01 00:00:00;2020/12/31 23:59:59;ATMO BOURGOGNE-FRANCHE-COMTE;FR27ZRE01;ZR BOURGOGNE-FRANCHE-COMTE;FR82040;Dole centre;Urbaine;NO2;Fond;Oui;mesures fixes;Moy. annuelle;12.0;12.392203623022231;µg-m3;99.0;100.0;99.0;R;1;47.09672;5.496389
2020/01/01 00:00:00;2020/12/31 23:59:59;ATMO BOURGOGNE-FRANCHE-COMTE;FR27ZRE01;ZR BOURGOGNE-FRANCHE-COMTE;FR82041;Tavaux;Périurbaine;NO2;Industrielle;Oui;mesures fixes;Moy. annuelle;8.0;7.7264315556648056;µg-m3;94.0;99.0;93.0;R;1;47.0426;5.400944
2020/01/01 00:00:00;2020/12/31 23:59:59;ATMO BOURGOGNE-FRANCHE-COMTE;FR27ZRE01;ZR BOURGOGNE-FRANCHE-COMTE;FR82042;Damparis;Périurbaine;NO2;Industrielle;Oui;mesures fixes;Moy. annuelle;10.0;9.82068179090147;µg-m3;95.0;100.0;95.0;R;1;47.065628;5.415061
